card_id,user_id,stability,difficulty,elapsed_days,scheduled_days,repetitions,lapses,state,due_date,last_reviewed_at,updated_at,retrievability
13e955a9-0a00-4b67-b127-d46463eae697,bd7d53fd-76e2-4330-ab15-0e0a432f7b68,15.4722,3.28285649513529,0,0,1,0,learning,2026-07-10 16:02:59.556+00,2026-07-10 16:02:59.556+00,2026-07-16 09:31:42.919004+00,1
3997bf90-f550-4edb-883c-42ce34275db2,bd7d53fd-76e2-4330-ab15-0e0a432f7b68,15.4722,3.28285649513529,0,0,1,0,learning,2026-07-10 16:01:22.121+00,2026-07-10 16:01:22.121+00,2026-07-16 09:31:42.919004+00,1
d1c17d98-1dd3-4b88-86a6-5305dd294af3,bd7d53fd-76e2-4330-ab15-0e0a432f7b68,15.4722,3.28285649513529,0,0,1,0,learning,2026-07-10 16:01:39.996+00,2026-07-10 16:01:39.996+00,2026-07-16 09:31:42.919004+00,1
4b2456c1-8a4a-4abf-8a76-a9e6ddee96da,bd7d53fd-76e2-4330-ab15-0e0a432f7b68,0,0,0,0,0,0,new,2026-07-13 16:15:35.957+00,,2026-07-13 16:15:35.957+00,0
09c3c11a-6886-4b8a-acb7-050d9d54dbfe,bd7d53fd-76e2-4330-ab15-0e0a432f7b68,0,0,0,0,0,0,new,2026-07-13 16:15:35.957+00,,2026-07-13 16:15:35.957+00,0
6234551a-065e-4d51-96ca-c27228dc45a1,bd7d53fd-76e2-4330-ab15-0e0a432f7b68,0,0,0,0,0,0,new,2026-07-13 16:15:35.957+00,,2026-07-13 16:15:35.957+00,0
964f2509-add2-4625-826a-f878834f4790,bd7d53fd-76e2-4330-ab15-0e0a432f7b68,0,0,0,0,0,0,new,2026-07-13 16:15:35.957+00,,2026-07-13 16:15:35.957+00,0
9ea1d91e-3906-4c34-8dab-47f37aace7d4,bd7d53fd-76e2-4330-ab15-0e0a432f7b68,0,0,0,0,0,0,new,2026-07-13 16:15:35.957+00,,2026-07-13 16:15:35.957+00,0
4928dbf3-a2ec-43aa-90d7-f8450ba5b4e1,bd7d53fd-76e2-4330-ab15-0e0a432f7b68,0,0,0,0,0,0,new,2026-07-13 16:15:35.957+00,,2026-07-13 16:15:35.957+00,0
52b43e00-9a86-4af4-b06c-ab39a5f73b31,bd7d53fd-76e2-4330-ab15-0e0a432f7b68,0,0,0,0,0,0,new,2026-07-02 15:04:27.134+00,,2026-07-16 09:31:42.919004+00,0
02b8a2af-a736-4e2e-890f-d762b7f8d903,bd7d53fd-76e2-4330-ab15-0e0a432f7b68,0,0,0,0,0,0,new,2026-07-02 15:04:27.134+00,,2026-07-16 09:31:42.919004+00,0
421e7359-d4b7-4c40-a8e1-9bd4b4fd6a72,bd7d53fd-76e2-4330-ab15-0e0a432f7b68,0,0,0,0,0,0,new,2026-07-02 15:04:27.134+00,,2026-07-16 09:31:42.919004+00,0
6bd84d81-fb84-4e99-81bb-a4d55b322f2e,bd7d53fd-76e2-4330-ab15-0e0a432f7b68,0,0,0,0,0,0,new,2026-07-02 15:04:27.135+00,,2026-07-16 09:31:42.919004+00,0
276dedaf-fbb8-42a4-8ada-cb3723e68b6f,bd7d53fd-76e2-4330-ab15-0e0a432f7b68,0,0,0,0,0,0,new,2026-07-02 15:04:27.135+00,,2026-07-16 09:31:42.919004+00,0
6a78d238-fe8a-4eaf-89c8-6452066a5216,bd7d53fd-76e2-4330-ab15-0e0a432f7b68,0,0,0,0,0,0,new,2026-07-02 15:04:27.134+00,,2026-07-16 09:31:43.179112+00,0
8da50ad3-175e-4c29-964e-343e30031ab8,bd7d53fd-76e2-4330-ab15-0e0a432f7b68,0,0,0,0,0,0,new,2026-07-02 15:04:27.134+00,,2026-07-16 09:31:43.179112+00,0
2aeaa136-35e1-4b3d-bc5e-e640a556367d,bd7d53fd-76e2-4330-ab15-0e0a432f7b68,0,0,0,0,0,0,new,2026-07-13 16:15:35.957+00,,2026-07-13 16:15:35.957+00,0
4917d627-4d52-4701-96e2-f6539f296751,bd7d53fd-76e2-4330-ab15-0e0a432f7b68,0,0,0,0,0,0,new,2026-07-13 16:15:35.957+00,,2026-07-13 16:15:35.957+00,0
c916c7a3-6bb6-4abe-905b-24acd0851876,bd7d53fd-76e2-4330-ab15-0e0a432f7b68,0,0,0,0,0,0,new,2026-07-13 16:15:35.957+00,,2026-07-13 16:15:35.957+00,0
a9551657-a13a-4394-bafd-a71a9a8ab65d,bd7d53fd-76e2-4330-ab15-0e0a432f7b68,0,0,0,0,0,0,new,2026-07-13 16:15:35.957+00,,2026-07-13 16:15:35.957+00,0
c5fa20ca-33cf-4d11-87b1-1d60b76f1637,bd7d53fd-76e2-4330-ab15-0e0a432f7b68,0,0,0,0,0,0,new,2026-07-13 16:15:35.957+00,,2026-07-13 16:15:35.957+00,0
f55979c3-739e-422b-83e8-8eb65bc3799b,bd7d53fd-76e2-4330-ab15-0e0a432f7b68,0,0,0,0,0,0,new,2026-07-13 16:15:35.957+00,,2026-07-13 16:15:35.957+00,0
be980e64-d037-431f-8f99-d2818b35d5d9,bd7d53fd-76e2-4330-ab15-0e0a432f7b68,0,0,0,0,0,0,new,2026-07-13 16:15:35.957+00,,2026-07-13 16:15:35.957+00,0
22d9ea03-d24d-4cc1-a28a-967079f7db99,bd7d53fd-76e2-4330-ab15-0e0a432f7b68,0,0,0,0,0,0,new,2026-07-13 16:15:35.957+00,,2026-07-13 16:15:35.957+00,0
a3f0b8e5-5e66-4bec-bd55-217c7dee6704,bd7d53fd-76e2-4330-ab15-0e0a432f7b68,0,0,0,0,0,0,new,2026-07-02 15:04:27.135+00,,2026-07-16 09:31:42.919004+00,0
48bdf042-3c41-49bb-a937-1ff123db9e12,bd7d53fd-76e2-4330-ab15-0e0a432f7b68,0,0,0,0,0,0,new,2026-07-02 15:04:27.135+00,,2026-07-16 09:31:42.919004+00,0
b363a4a4-bb03-4360-9c20-808e3a2e92fb,bd7d53fd-76e2-4330-ab15-0e0a432f7b68,0,0,0,0,0,0,new,2026-07-07 06:09:54.705+00,,2026-07-16 09:31:42.919004+00,0
f78a54ee-7c9d-4382-897c-5958558781f9,bd7d53fd-76e2-4330-ab15-0e0a432f7b68,0,0,0,0,0,0,new,2026-07-07 06:09:54.705+00,,2026-07-16 09:31:42.919004+00,0
8a37a246-9a1b-47cc-ab07-aadbecb7cc86,bd7d53fd-76e2-4330-ab15-0e0a432f7b68,0,0,0,0,0,0,new,2026-07-07 06:09:54.705+00,,2026-07-16 09:31:42.919004+00,0
85325f44-d03f-47a4-a1e6-56e1d4411231,bd7d53fd-76e2-4330-ab15-0e0a432f7b68,0,0,0,0,0,0,new,2026-07-07 06:10:44.321+00,,2026-07-16 09:31:43.179112+00,0
0b286833-4014-4eba-9f0d-75532c29ecc5,bd7d53fd-76e2-4330-ab15-0e0a432f7b68,0,0,0,0,0,0,new,2026-07-13 16:15:35.957+00,,2026-07-13 16:15:35.957+00,0
1ae2165c-89dd-4534-8b2e-2b82d8b07bf0,bd7d53fd-76e2-4330-ab15-0e0a432f7b68,0,0,0,0,0,0,new,2026-07-13 16:15:35.957+00,,2026-07-13 16:15:35.957+00,0
4f472d09-77ae-43ad-b97e-019d25d38163,bd7d53fd-76e2-4330-ab15-0e0a432f7b68,0,0,0,0,0,0,new,2026-07-13 16:15:35.957+00,,2026-07-13 16:15:35.957+00,0
b0919dba-1c64-4aac-a9c8-e638545d2680,bd7d53fd-76e2-4330-ab15-0e0a432f7b68,0,0,0,0,0,0,new,2026-07-13 16:15:35.957+00,,2026-07-13 16:15:35.957+00,0
b6397b56-1559-42da-9f7a-db3f5904a060,bd7d53fd-76e2-4330-ab15-0e0a432f7b68,0,0,0,0,0,0,new,2026-07-13 16:15:35.957+00,,2026-07-13 16:15:35.957+00,0
a46167c5-a604-4787-b800-28de2c88ab85,bd7d53fd-76e2-4330-ab15-0e0a432f7b68,0,0,0,0,0,0,new,2026-07-13 16:15:35.957+00,,2026-07-13 16:15:35.957+00,0
a3c243e1-d35b-440f-94d0-cb3021f0203c,bd7d53fd-76e2-4330-ab15-0e0a432f7b68,0,0,0,0,0,0,new,2026-07-13 16:15:35.957+00,,2026-07-13 16:15:35.957+00,0
ad5cfc61-1c3d-40ac-9a72-9b81831ea5b3,bd7d53fd-76e2-4330-ab15-0e0a432f7b68,0,0,0,0,0,0,new,2026-07-07 06:09:54.705+00,,2026-07-16 09:31:42.919004+00,0
8978790f-a3d9-4bcc-a5b6-ec649ebf54e2,bd7d53fd-76e2-4330-ab15-0e0a432f7b68,0,0,0,0,0,0,new,2026-07-07 06:09:54.705+00,,2026-07-16 09:31:42.919004+00,0
2a2248c6-dfed-466e-822a-19cf567b9392,bd7d53fd-76e2-4330-ab15-0e0a432f7b68,0,0,0,0,0,0,new,2026-07-07 06:09:54.705+00,,2026-07-16 09:31:42.919004+00,0
06349acc-6c99-4628-87e5-7bd1ec5c5d30,bd7d53fd-76e2-4330-ab15-0e0a432f7b68,0,0,0,0,0,0,new,2026-07-07 06:10:44.321+00,,2026-07-16 09:31:43.179112+00,0
fa1b4379-883a-4665-9ebd-f164e7dc208d,bd7d53fd-76e2-4330-ab15-0e0a432f7b68,0,0,0,0,0,0,new,2026-07-07 06:10:44.322+00,,2026-07-16 09:31:43.179112+00,0
c304cb38-64e5-4092-a2b2-6d83315a7661,bd7d53fd-76e2-4330-ab15-0e0a432f7b68,0,0,0,0,0,0,new,2026-07-13 16:15:35.957+00,,2026-07-13 16:15:35.957+00,0
7b3804cc-8761-4f70-b14a-94eab7ce8894,bd7d53fd-76e2-4330-ab15-0e0a432f7b68,0,0,0,0,0,0,new,2026-07-13 16:15:35.957+00,,2026-07-13 16:15:35.957+00,0
89abc681-8022-44a1-b148-935a2ac6749a,bd7d53fd-76e2-4330-ab15-0e0a432f7b68,0,0,0,0,0,0,new,2026-07-13 16:15:35.957+00,,2026-07-13 16:15:35.957+00,0
cbbb45d9-4f21-4c6c-ae4c-ddf0fd365a0a,bd7d53fd-76e2-4330-ab15-0e0a432f7b68,0,0,0,0,0,0,new,2026-07-13 16:15:35.957+00,,2026-07-13 16:15:35.957+00,0
0fc122bc-ef01-4d8d-8cff-cff201b53be5,bd7d53fd-76e2-4330-ab15-0e0a432f7b68,0,0,0,0,0,0,new,2026-07-13 16:15:35.957+00,,2026-07-13 16:15:35.957+00,0
359fbe5c-5e43-4252-803e-6678b1bce548,bd7d53fd-76e2-4330-ab15-0e0a432f7b68,0,0,0,0,0,0,new,2026-07-13 16:15:35.957+00,,2026-07-13 16:15:35.957+00,0
be8ed1f5-d092-4961-8231-0e7fa7d633b1,bd7d53fd-76e2-4330-ab15-0e0a432f7b68,0,0,0,0,0,0,new,2026-07-13 16:15:35.957+00,,2026-07-13 16:15:35.957+00,0
d09e8397-dc33-402a-a33b-82642b116ca5,bd7d53fd-76e2-4330-ab15-0e0a432f7b68,0,0,0,0,0,0,new,2026-07-07 06:09:54.705+00,,2026-07-16 09:31:42.919004+00,0
1ad4dd5a-2376-4f25-933a-1451ee42ae4a,bd7d53fd-76e2-4330-ab15-0e0a432f7b68,0,0,0,0,0,0,new,2026-07-07 06:09:54.705+00,,2026-07-16 09:31:42.919004+00,0
3da25c62-fb89-4f4e-b7d5-7d70914a463c,bd7d53fd-76e2-4330-ab15-0e0a432f7b68,0,0,0,0,0,0,new,2026-07-07 06:09:54.705+00,,2026-07-16 09:31:42.919004+00,0
c0cdbbaa-11b4-40a2-aeb8-6a0611b2ee08,bd7d53fd-76e2-4330-ab15-0e0a432f7b68,0,0,0,0,0,0,new,2026-07-07 06:09:54.705+00,,2026-07-16 09:31:42.919004+00,0
1a7cca73-a27c-4804-89ca-8d2b11ef3e9f,bd7d53fd-76e2-4330-ab15-0e0a432f7b68,0,0,0,0,0,0,new,2026-07-07 06:09:54.705+00,,2026-07-16 09:31:43.179112+00,0
624feca2-86b0-4a87-8ecb-90b3bd8727f9,bd7d53fd-76e2-4330-ab15-0e0a432f7b68,0,0,0,0,0,0,new,2026-07-13 16:15:35.957+00,,2026-07-13 16:15:35.957+00,0
894c6a5a-0564-4eae-9b41-73e75447b430,bd7d53fd-76e2-4330-ab15-0e0a432f7b68,0,0,0,0,0,0,new,2026-07-13 16:15:35.957+00,,2026-07-13 16:15:35.957+00,0
c490bb02-25bc-410b-86c4-0f01df4d91a2,bd7d53fd-76e2-4330-ab15-0e0a432f7b68,0,0,0,0,0,0,new,2026-07-13 16:15:35.957+00,,2026-07-13 16:15:35.957+00,0
560a2663-01dc-4677-b09a-aa9d5915ea26,bd7d53fd-76e2-4330-ab15-0e0a432f7b68,0,0,0,0,0,0,new,2026-07-13 16:15:35.957+00,,2026-07-13 16:15:35.957+00,0
180b9bd2-2841-4257-9f45-012090578e0a,bd7d53fd-76e2-4330-ab15-0e0a432f7b68,0,0,0,0,0,0,new,2026-07-13 16:15:35.957+00,,2026-07-13 16:15:35.957+00,0
fbf7e13f-7f8c-4dec-8858-7e7328ce93f1,bd7d53fd-76e2-4330-ab15-0e0a432f7b68,0,0,0,0,0,0,new,2026-07-13 16:15:35.957+00,,2026-07-13 16:15:35.957+00,0
6a04f983-dd76-4647-9a41-622d1c17b4f9,bd7d53fd-76e2-4330-ab15-0e0a432f7b68,0,0,0,0,0,0,new,2026-07-13 16:15:35.957+00,,2026-07-13 16:15:35.957+00,0
a9c544cc-5f8c-4038-aad5-e76d56898924,bd7d53fd-76e2-4330-ab15-0e0a432f7b68,0,0,0,0,0,0,new,2026-07-13 16:15:35.957+00,,2026-07-13 16:15:35.957+00,0
6d196355-e602-4e38-a7aa-814ddb7df90f,bd7d53fd-76e2-4330-ab15-0e0a432f7b68,0,0,0,0,0,0,new,2026-07-13 16:15:35.957+00,,2026-07-13 16:15:35.957+00,0
dd09e904-0732-4850-819b-7854f847e966,bd7d53fd-76e2-4330-ab15-0e0a432f7b68,0,0,0,0,0,0,new,2026-07-13 16:15:35.957+00,,2026-07-13 16:15:35.957+00,0
24af4802-ac27-4470-be83-e1456d6afdfb,bd7d53fd-76e2-4330-ab15-0e0a432f7b68,0,0,0,0,0,0,new,2026-07-13 16:15:35.957+00,,2026-07-13 16:15:35.957+00,0
455d4c66-d6c8-4c5a-9949-e71f23e31ad2,bd7d53fd-76e2-4330-ab15-0e0a432f7b68,0,0,0,0,0,0,new,2026-07-13 16:41:28.963+00,,2026-07-13 16:41:28.963+00,0
fb82e830-ea0c-4a55-a62f-1cebadae3adc,bd7d53fd-76e2-4330-ab15-0e0a432f7b68,0,0,0,0,0,0,new,2026-07-13 16:41:28.963+00,,2026-07-13 16:41:28.963+00,0
b218d185-48ad-4735-83da-ff1bc07d8b96,bd7d53fd-76e2-4330-ab15-0e0a432f7b68,0,0,0,0,0,0,new,2026-07-13 16:41:28.963+00,,2026-07-13 16:41:28.963+00,0
455f81c7-ae0c-47bc-9013-79d6e2de179d,bd7d53fd-76e2-4330-ab15-0e0a432f7b68,0,0,0,0,0,0,new,2026-07-07 06:09:54.705+00,,2026-07-16 09:31:42.919004+00,0
ceaa6ba7-6433-4630-996d-b0abdd1d535d,bd7d53fd-76e2-4330-ab15-0e0a432f7b68,0,0,0,0,0,0,new,2026-07-07 06:09:54.705+00,,2026-07-16 09:31:42.919004+00,0
c55f6115-b6ef-4911-9719-d77809b15a1f,bd7d53fd-76e2-4330-ab15-0e0a432f7b68,0,0,0,0,0,0,new,2026-07-07 06:09:54.705+00,,2026-07-16 09:31:42.919004+00,0
bad66a2d-20d7-4d52-8337-db11788fe8d0,bd7d53fd-76e2-4330-ab15-0e0a432f7b68,0,0,0,0,0,0,new,2026-07-07 06:09:54.705+00,,2026-07-16 09:31:43.179112+00,0
53bd2d73-c202-4912-b1ed-2bb4f5288e90,bd7d53fd-76e2-4330-ab15-0e0a432f7b68,0,0,0,0,0,0,new,2026-07-07 06:09:54.705+00,,2026-07-16 09:31:43.179112+00,0
63928a88-fdc8-4b83-8c1d-1ae96fcd003c,bd7d53fd-76e2-4330-ab15-0e0a432f7b68,0,0,0,0,0,0,new,2026-07-13 16:15:35.957+00,,2026-07-13 16:15:35.957+00,0
f214c2e3-faf4-4b99-b1c9-e25916019a45,bd7d53fd-76e2-4330-ab15-0e0a432f7b68,0,0,0,0,0,0,new,2026-07-13 16:15:35.957+00,,2026-07-13 16:15:35.957+00,0
0171c550-0114-40fa-9409-550df4b15529,bd7d53fd-76e2-4330-ab15-0e0a432f7b68,0,0,0,0,0,0,new,2026-07-13 16:15:35.957+00,,2026-07-13 16:15:35.957+00,0
6547f861-3861-4c5d-a151-40707ea8f4a3,bd7d53fd-76e2-4330-ab15-0e0a432f7b68,0,0,0,0,0,0,new,2026-07-13 16:15:35.957+00,,2026-07-13 16:15:35.957+00,0
3d0a37b0-a4cb-4a9f-abca-4ef5c7405d5e,bd7d53fd-76e2-4330-ab15-0e0a432f7b68,0,0,0,0,0,0,new,2026-07-13 16:15:35.957+00,,2026-07-13 16:15:35.957+00,0
461bb11b-8866-47c1-8733-140168af83a2,bd7d53fd-76e2-4330-ab15-0e0a432f7b68,0,0,0,0,0,0,new,2026-07-13 16:41:28.963+00,,2026-07-13 16:41:28.963+00,0
524d027d-afa8-4031-bf4f-5f81751dd01e,bd7d53fd-76e2-4330-ab15-0e0a432f7b68,0,0,0,0,0,0,new,2026-07-07 06:09:54.705+00,,2026-07-16 09:31:42.919004+00,0
f3c16ff1-96e6-4de3-85b3-4f03df4da855,bd7d53fd-76e2-4330-ab15-0e0a432f7b68,0,0,0,0,0,0,new,2026-07-07 06:09:54.705+00,,2026-07-16 09:31:42.919004+00,0
1fb2605c-bc7a-46e8-aa6a-87a1cd0c4112,bd7d53fd-76e2-4330-ab15-0e0a432f7b68,0,0,0,0,0,0,new,2026-07-07 06:09:54.705+00,,2026-07-16 09:31:42.919004+00,0
8986095b-fe64-48d6-aa1e-2abdca6013d2,bd7d53fd-76e2-4330-ab15-0e0a432f7b68,0,0,0,0,0,0,new,2026-07-07 06:09:54.705+00,,2026-07-16 09:31:42.919004+00,0
ed9949c3-2853-42fa-9b70-c7d02cb3ff26,bd7d53fd-76e2-4330-ab15-0e0a432f7b68,0,0,0,0,0,0,new,2026-07-07 06:09:54.705+00,,2026-07-16 09:31:43.179112+00,0
4ec711e3-b3fe-4eb4-9264-7b0b0252c87f,bd7d53fd-76e2-4330-ab15-0e0a432f7b68,0,0,0,0,0,0,new,2026-07-07 06:09:54.705+00,,2026-07-16 09:31:43.179112+00,0
fcf3b86a-c299-4964-b229-ea2e11d90305,bd7d53fd-76e2-4330-ab15-0e0a432f7b68,0,0,0,0,0,0,new,2026-07-07 06:09:54.705+00,,2026-07-16 09:31:43.179112+00,0
1bb0244a-c939-439c-a2a4-b422e808c7af,bd7d53fd-76e2-4330-ab15-0e0a432f7b68,0,0,0,0,0,0,new,2026-07-07 06:09:54.705+00,,2026-07-16 09:31:43.179112+00,0
63f6bfc8-0c3a-4e20-bd21-eba249408a3c,bd7d53fd-76e2-4330-ab15-0e0a432f7b68,0,0,0,0,0,0,new,2026-07-13 16:15:35.957+00,,2026-07-13 16:15:35.957+00,0
fb517862-6cc8-4866-b971-6ae80780b324,bd7d53fd-76e2-4330-ab15-0e0a432f7b68,0,0,0,0,0,0,new,2026-07-13 16:15:35.957+00,,2026-07-13 16:15:35.957+00,0
f0f91c8d-ec43-4b3b-ada3-55abeb2493dc,bd7d53fd-76e2-4330-ab15-0e0a432f7b68,0,0,0,0,0,0,new,2026-07-02 15:04:27.135+00,,2026-07-16 09:31:42.919004+00,0
4fc0ead2-02ed-4f66-96e2-d188f42021e4,bd7d53fd-76e2-4330-ab15-0e0a432f7b68,0,0,0,0,0,0,new,2026-07-07 06:09:54.705+00,,2026-07-16 09:31:42.919004+00,0
2213cef1-fd18-4821-ba3b-c3cb9c55ec94,bd7d53fd-76e2-4330-ab15-0e0a432f7b68,0,0,0,0,0,0,new,2026-07-07 06:09:54.705+00,,2026-07-16 09:31:42.919004+00,0
08c3da06-7e87-4e33-8648-91e5ab546db0,bd7d53fd-76e2-4330-ab15-0e0a432f7b68,0,0,0,0,0,0,new,2026-07-07 06:09:54.705+00,,2026-07-16 09:31:42.919004+00,0
de1eb255-cdfc-439f-b099-9e84cbf42fe7,bd7d53fd-76e2-4330-ab15-0e0a432f7b68,0,0,0,0,0,0,new,2026-07-07 06:10:44.321+00,,2026-07-16 09:31:43.179112+00,0
be580cb8-26a8-4f4c-a86b-bf2c3457e2d4,bd7d53fd-76e2-4330-ab15-0e0a432f7b68,0,0,0,0,0,0,new,2026-07-07 06:10:44.322+00,,2026-07-16 09:31:43.179112+00,0
563e5782-1e90-4602-bd69-1f34f6acf24f,bd7d53fd-76e2-4330-ab15-0e0a432f7b68,0,0,0,0,0,0,new,2026-07-07 06:09:54.705+00,,2026-07-16 09:31:42.919004+00,0
fc939c2b-af51-4de5-b047-035ef937e3ed,bd7d53fd-76e2-4330-ab15-0e0a432f7b68,0,0,0,0,0,0,new,2026-07-07 06:10:44.322+00,,2026-07-16 09:31:43.179112+00,0
f71d858e-dac5-4200-bfe1-07668aeac80b,bd7d53fd-76e2-4330-ab15-0e0a432f7b68,0,0,0,0,0,0,new,2026-07-07 06:10:44.322+00,,2026-07-16 09:31:43.179112+00,0
03547185-2c93-4f75-8060-187094970a64,bd7d53fd-76e2-4330-ab15-0e0a432f7b68,0,0,0,0,0,0,new,2026-07-07 06:10:44.322+00,,2026-07-16 09:31:43.179112+00,0
d34a0779-1c88-470b-813d-ddf0a29541f8,bd7d53fd-76e2-4330-ab15-0e0a432f7b68,0,0,0,0,0,0,new,2026-07-02 15:04:27.134+00,,2026-07-16 09:31:43.179112+00,0
3f2dd748-2772-40c8-b3f1-dd6527ea1098,bd7d53fd-76e2-4330-ab15-0e0a432f7b68,0,0,0,0,0,0,new,2026-07-13 16:15:35.957+00,,2026-07-13 16:15:35.957+00,0
16e6fe29-3c12-41db-aa65-0822f4f41e5a,bd7d53fd-76e2-4330-ab15-0e0a432f7b68,0,0,0,0,0,0,new,2026-07-07 06:10:44.321+00,,2026-07-16 09:31:43.179112+00,0
a8932484-2f6f-4638-aea2-df853dc57708,bd7d53fd-76e2-4330-ab15-0e0a432f7b68,0,0,0,0,0,0,new,2026-07-07 06:10:44.321+00,,2026-07-16 09:31:43.179112+00,0
379a9711-3140-452d-a1ce-9d858d7088bf,bd7d53fd-76e2-4330-ab15-0e0a432f7b68,0,0,0,0,0,0,new,2026-07-07 06:10:44.321+00,,2026-07-16 09:31:43.179112+00,0
74048666-2b97-433c-9eb7-a322de467826,bd7d53fd-76e2-4330-ab15-0e0a432f7b68,0,0,0,0,0,0,new,2026-07-07 06:10:44.321+00,,2026-07-16 09:31:43.179112+00,0
5fe7f47b-1657-4c51-9e85-bbe81beaa9b1,bd7d53fd-76e2-4330-ab15-0e0a432f7b68,0,0,0,0,0,0,new,2026-07-13 16:17:39.742+00,,2026-07-13 16:17:39.742+00,0
1e2d2069-0672-4b4a-99cf-6c5e6d18a150,bd7d53fd-76e2-4330-ab15-0e0a432f7b68,0,0,0,0,0,0,new,2026-07-13 16:17:39.742+00,,2026-07-13 16:17:39.742+00,0
539abf33-d82e-4666-abb8-92fdb5bc7452,bd7d53fd-76e2-4330-ab15-0e0a432f7b68,0,0,0,0,0,0,new,2026-07-13 16:17:39.742+00,,2026-07-13 16:17:39.742+00,0
43b5f815-5d13-44c4-aa55-752ec0ce2c73,bd7d53fd-76e2-4330-ab15-0e0a432f7b68,0,0,0,0,0,0,new,2026-07-13 16:17:39.742+00,,2026-07-13 16:17:39.742+00,0
76416fe2-2439-4a87-9fff-63eb42d2df41,bd7d53fd-76e2-4330-ab15-0e0a432f7b68,0,0,0,0,0,0,new,2026-07-13 16:17:39.742+00,,2026-07-13 16:17:39.742+00,0
9016ca2c-93c5-4feb-b4d8-768f961d93de,bd7d53fd-76e2-4330-ab15-0e0a432f7b68,0,0,0,0,0,0,new,2026-07-13 16:17:39.742+00,,2026-07-13 16:17:39.742+00,0
7e596dab-9e7b-4f0b-8d68-39f059034a9f,bd7d53fd-76e2-4330-ab15-0e0a432f7b68,0,0,0,0,0,0,new,2026-07-13 16:17:39.742+00,,2026-07-13 16:17:39.742+00,0
5364eeb7-28f1-444a-8690-78b1075f26c4,bd7d53fd-76e2-4330-ab15-0e0a432f7b68,0,0,0,0,0,0,new,2026-07-13 16:17:39.742+00,,2026-07-13 16:17:39.742+00,0
ddf5339b-b245-4cdb-83a1-8b00e96b1d69,bd7d53fd-76e2-4330-ab15-0e0a432f7b68,0,0,0,0,0,0,new,2026-07-13 16:17:39.742+00,,2026-07-13 16:17:39.742+00,0
6c18895a-31ca-4cab-aae2-0f9a11bb64fa,bd7d53fd-76e2-4330-ab15-0e0a432f7b68,0,0,0,0,0,0,new,2026-07-13 16:17:39.742+00,,2026-07-13 16:17:39.742+00,0
8ec9b74f-543d-4e26-9210-fc151346e025,bd7d53fd-76e2-4330-ab15-0e0a432f7b68,0,0,0,0,0,0,new,2026-07-13 16:17:39.742+00,,2026-07-13 16:17:39.742+00,0
31b07c34-811b-40f4-b87d-ae98d2ef6927,bd7d53fd-76e2-4330-ab15-0e0a432f7b68,0,0,0,0,0,0,new,2026-07-13 16:41:28.963+00,,2026-07-13 16:41:28.963+00,0
31f34136-07fb-4397-bf8b-f98510201f94,bd7d53fd-76e2-4330-ab15-0e0a432f7b68,0,0,0,0,0,0,new,2026-07-13 16:17:39.742+00,,2026-07-13 16:17:39.742+00,0
a881928f-c9f5-4d29-990c-8c0dafd74960,bd7d53fd-76e2-4330-ab15-0e0a432f7b68,0,0,0,0,0,0,new,2026-07-13 16:17:39.742+00,,2026-07-13 16:17:39.742+00,0
6cb188b4-5f4a-46dd-8e93-0ba218bd7344,bd7d53fd-76e2-4330-ab15-0e0a432f7b68,0,0,0,0,0,0,new,2026-07-13 16:17:39.742+00,,2026-07-13 16:17:39.742+00,0
11ec120e-82df-47b6-bcc5-fe5c541c3451,bd7d53fd-76e2-4330-ab15-0e0a432f7b68,0,0,0,0,0,0,new,2026-07-13 16:41:28.963+00,,2026-07-13 16:41:28.963+00,0
496fd6cc-a5de-4066-968f-ff82c9f35498,bd7d53fd-76e2-4330-ab15-0e0a432f7b68,0,0,0,0,0,0,new,2026-07-13 16:41:28.963+00,,2026-07-13 16:41:28.963+00,0
a1f000f4-3c6b-47ae-8091-e0e632a40440,bd7d53fd-76e2-4330-ab15-0e0a432f7b68,0,0,0,0,0,0,new,2026-07-13 16:41:28.963+00,,2026-07-13 16:41:28.963+00,0
c6cd35df-02af-4afd-9bb4-72b21e1ac527,bd7d53fd-76e2-4330-ab15-0e0a432f7b68,0,0,0,0,0,0,new,2026-07-13 16:41:28.963+00,,2026-07-13 16:41:28.963+00,0
23954c17-888e-4868-a2f9-4b09a2385a44,bd7d53fd-76e2-4330-ab15-0e0a432f7b68,0,0,0,0,0,0,new,2026-07-13 16:41:28.964+00,,2026-07-13 16:41:28.964+00,0
55513a99-2c34-4594-b914-b742a43c21ad,bd7d53fd-76e2-4330-ab15-0e0a432f7b68,0,0,0,0,0,0,new,2026-07-13 16:41:28.964+00,,2026-07-13 16:41:28.964+00,0
008554d0-5bcb-4875-b064-8b1a74b4076c,bd7d53fd-76e2-4330-ab15-0e0a432f7b68,0,0,0,0,0,0,new,2026-07-07 06:09:54.705+00,,2026-07-16 09:31:43.179112+00,0
7762e5d6-597e-4f4c-9b66-de59b83dded3,bd7d53fd-76e2-4330-ab15-0e0a432f7b68,0,0,0,0,0,0,new,2026-07-07 06:10:44.321+00,,2026-07-16 09:31:43.179112+00,0
f6577ef9-283e-4ccd-b702-ef9975878c5e,bd7d53fd-76e2-4330-ab15-0e0a432f7b68,0,0,0,0,0,0,new,2026-07-13 16:17:39.742+00,,2026-07-13 16:17:39.742+00,0
d6c07599-7036-44e9-b3e4-95c941432912,bd7d53fd-76e2-4330-ab15-0e0a432f7b68,0,0,0,0,0,0,new,2026-07-13 16:17:39.742+00,,2026-07-13 16:17:39.742+00,0
3d4db88e-ee90-4fff-808b-64796154582d,bd7d53fd-76e2-4330-ab15-0e0a432f7b68,0,0,0,0,0,0,new,2026-07-13 16:17:39.742+00,,2026-07-13 16:17:39.742+00,0
9bb93747-5a11-4970-9499-b60f8def8d1b,bd7d53fd-76e2-4330-ab15-0e0a432f7b68,0,0,0,0,0,0,new,2026-07-13 16:17:39.742+00,,2026-07-13 16:17:39.742+00,0
c4e363cb-fda1-4e84-a002-66b1bed209ab,bd7d53fd-76e2-4330-ab15-0e0a432f7b68,0,0,0,0,0,0,new,2026-07-13 16:17:39.742+00,,2026-07-13 16:17:39.742+00,0
41b8075e-6d3f-4edf-8cb4-1a442b670a69,bd7d53fd-76e2-4330-ab15-0e0a432f7b68,0,0,0,0,0,0,new,2026-07-13 16:17:39.742+00,,2026-07-13 16:17:39.742+00,0
ae92644e-6c63-436e-9784-999d7d8a3c24,bd7d53fd-76e2-4330-ab15-0e0a432f7b68,0,0,0,0,0,0,new,2026-07-13 16:17:39.742+00,,2026-07-13 16:17:39.742+00,0
bd519d4d-c5bd-4e2a-bc55-731f353bde1a,bd7d53fd-76e2-4330-ab15-0e0a432f7b68,0,0,0,0,0,0,new,2026-07-13 16:17:39.742+00,,2026-07-13 16:17:39.742+00,0
6b3d4d15-a2ed-4b34-b397-3c49176d10a8,bd7d53fd-76e2-4330-ab15-0e0a432f7b68,0,0,0,0,0,0,new,2026-07-13 16:17:39.742+00,,2026-07-13 16:17:39.742+00,0
33a07413-60c8-4975-b5e5-70b580f60a33,bd7d53fd-76e2-4330-ab15-0e0a432f7b68,0,0,0,0,0,0,new,2026-07-13 16:17:39.742+00,,2026-07-13 16:17:39.742+00,0
46e28ffc-1da9-4271-9a1a-5fd127cc2d51,bd7d53fd-76e2-4330-ab15-0e0a432f7b68,0,0,0,0,0,0,new,2026-07-13 16:17:39.742+00,,2026-07-13 16:17:39.742+00,0
99159a44-451d-4ee7-8e4d-6808ddc5dc90,bd7d53fd-76e2-4330-ab15-0e0a432f7b68,0,0,0,0,0,0,new,2026-07-13 16:17:39.742+00,,2026-07-13 16:17:39.742+00,0
a353173b-5387-40cb-bbcc-077863ccf3d6,bd7d53fd-76e2-4330-ab15-0e0a432f7b68,0,0,0,0,0,0,new,2026-07-13 16:17:39.742+00,,2026-07-13 16:17:39.742+00,0
73d320e5-064f-43f0-bbf2-141b087e0e4d,bd7d53fd-76e2-4330-ab15-0e0a432f7b68,0,0,0,0,0,0,new,2026-07-13 16:17:39.742+00,,2026-07-13 16:17:39.742+00,0
2e5af6cc-0c90-4084-9719-c93a97c71da8,bd7d53fd-76e2-4330-ab15-0e0a432f7b68,0,0,0,0,0,0,new,2026-07-13 16:17:39.742+00,,2026-07-13 16:17:39.742+00,0
a8b14a9a-8419-4a89-91e9-833b41fa46d5,bd7d53fd-76e2-4330-ab15-0e0a432f7b68,0,0,0,0,0,0,new,2026-07-13 16:17:39.742+00,,2026-07-13 16:17:39.742+00,0
1126de57-1e40-4401-a7cd-6db1890c0e23,bd7d53fd-76e2-4330-ab15-0e0a432f7b68,0,0,0,0,0,0,new,2026-07-13 16:41:28.964+00,,2026-07-13 16:41:28.964+00,0
1a85daee-9fcb-4b36-99e1-e37b84d9108e,bd7d53fd-76e2-4330-ab15-0e0a432f7b68,0,0,0,0,0,0,new,2026-07-13 16:41:28.964+00,,2026-07-13 16:41:28.964+00,0
b1b72828-e2ff-4cdb-85fe-ed6ea6a31784,bd7d53fd-76e2-4330-ab15-0e0a432f7b68,0,0,0,0,0,0,new,2026-07-13 16:41:28.964+00,,2026-07-13 16:41:28.964+00,0
7cb136e5-9eab-4889-a9c4-62f1195e679f,bd7d53fd-76e2-4330-ab15-0e0a432f7b68,0,0,0,0,0,0,new,2026-07-07 06:10:44.321+00,,2026-07-16 09:31:43.179112+00,0
d70d7997-2d01-4329-a034-451978ce5004,bd7d53fd-76e2-4330-ab15-0e0a432f7b68,0,0,0,0,0,0,new,2026-07-07 06:10:44.322+00,,2026-07-16 09:31:43.179112+00,0
2ea150cc-5050-4cda-a85f-8bce395451ac,bd7d53fd-76e2-4330-ab15-0e0a432f7b68,0,0,0,0,0,0,new,2026-07-07 06:10:44.322+00,,2026-07-16 09:31:43.179112+00,0
4bd68bf9-dca6-4923-86d0-3de0b9cfab76,bd7d53fd-76e2-4330-ab15-0e0a432f7b68,0,0,0,0,0,0,new,2026-07-13 16:17:39.742+00,,2026-07-13 16:17:39.742+00,0
fad887ae-5d30-44d3-80ff-5e7c06d53115,bd7d53fd-76e2-4330-ab15-0e0a432f7b68,0,0,0,0,0,0,new,2026-07-13 16:17:39.742+00,,2026-07-13 16:17:39.742+00,0
931a1f42-20f7-47d5-90db-44b8dc2070f4,bd7d53fd-76e2-4330-ab15-0e0a432f7b68,0,0,0,0,0,0,new,2026-07-13 16:17:39.742+00,,2026-07-13 16:17:39.742+00,0
d74beb48-3e1f-4ae1-8ad8-fd7eb7d8ed33,bd7d53fd-76e2-4330-ab15-0e0a432f7b68,0,0,0,0,0,0,new,2026-07-13 16:17:39.742+00,,2026-07-13 16:17:39.742+00,0
12dd5a13-b7fe-4255-b6fa-5ab114292853,bd7d53fd-76e2-4330-ab15-0e0a432f7b68,0,0,0,0,0,0,new,2026-07-13 16:17:39.742+00,,2026-07-13 16:17:39.742+00,0
de42566d-6663-497a-9d2e-1a5b807e8e3d,bd7d53fd-76e2-4330-ab15-0e0a432f7b68,0,0,0,0,0,0,new,2026-07-13 16:41:28.964+00,,2026-07-13 16:41:28.964+00,0
5ba5db7a-581b-4822-8f50-5f091a590806,bd7d53fd-76e2-4330-ab15-0e0a432f7b68,0,0,0,0,0,0,new,2026-07-02 15:04:27.134+00,,2026-07-16 09:31:42.919004+00,0
8a8325b0-3b03-422a-91f3-4ad8e9f992b6,bd7d53fd-76e2-4330-ab15-0e0a432f7b68,0,0,0,0,0,0,new,2026-07-02 15:04:27.135+00,,2026-07-16 09:31:42.919004+00,0
08ecb102-ef81-48b4-b1c1-55211da49823,bd7d53fd-76e2-4330-ab15-0e0a432f7b68,0,0,0,0,0,0,new,2026-07-07 06:09:54.705+00,,2026-07-16 09:31:42.919004+00,0
d582b5df-2785-4d1d-83dc-c357bbee4df2,bd7d53fd-76e2-4330-ab15-0e0a432f7b68,0,0,0,0,0,0,new,2026-07-07 06:09:54.705+00,,2026-07-16 09:31:43.179112+00,0
b07620e9-4319-4edf-b524-3f7a7e7e1069,bd7d53fd-76e2-4330-ab15-0e0a432f7b68,0,0,0,0,0,0,new,2026-07-07 06:09:54.705+00,,2026-07-16 09:31:43.179112+00,0
b13ef3b5-3a7b-4e30-bb8d-63d31a21c62b,bd7d53fd-76e2-4330-ab15-0e0a432f7b68,0,0,0,0,0,0,new,2026-07-07 06:10:44.321+00,,2026-07-16 09:31:43.179112+00,0
f59ac0e8-7473-4010-be89-409b1d8ba278,bd7d53fd-76e2-4330-ab15-0e0a432f7b68,0,0,0,0,0,0,new,2026-07-07 06:10:44.322+00,,2026-07-16 09:31:43.179112+00,0
d4a332c2-ede0-4eb5-ae5b-c658b4e8827f,bd7d53fd-76e2-4330-ab15-0e0a432f7b68,0,0,0,0,0,0,new,2026-07-02 15:04:27.134+00,,2026-07-16 09:31:42.919004+00,0
4e9dbd38-eef1-41a4-9d24-db5aec57fc3f,bd7d53fd-76e2-4330-ab15-0e0a432f7b68,0,0,0,0,0,0,new,2026-07-02 15:04:27.134+00,,2026-07-16 09:31:42.919004+00,0
39778547-f5a1-424e-bcc4-b250744d42cd,bd7d53fd-76e2-4330-ab15-0e0a432f7b68,0,0,0,0,0,0,new,2026-07-02 15:04:27.134+00,,2026-07-16 09:31:42.919004+00,0
d496b023-2d57-4a02-91ed-ecaaf64ba42d,bd7d53fd-76e2-4330-ab15-0e0a432f7b68,0,0,0,0,0,0,new,2026-07-07 06:09:54.705+00,,2026-07-16 09:31:43.179112+00,0
411df30f-764b-4ff0-aa9f-6da3168fe63f,bd7d53fd-76e2-4330-ab15-0e0a432f7b68,0,0,0,0,0,0,new,2026-07-07 06:09:54.705+00,,2026-07-16 09:31:43.179112+00,0
441bf2ab-ae2f-4587-903b-1d1bf9c353e4,bd7d53fd-76e2-4330-ab15-0e0a432f7b68,0,0,0,0,0,0,new,2026-07-07 06:10:44.321+00,,2026-07-16 09:31:43.179112+00,0
d7e5d107-9e95-4701-8f19-04a448f4e32e,bd7d53fd-76e2-4330-ab15-0e0a432f7b68,0,0,0,0,0,0,new,2026-07-07 06:10:44.321+00,,2026-07-16 09:31:43.179112+00,0
a4fe938c-61d6-42fd-9fea-873e1d7e168b,bd7d53fd-76e2-4330-ab15-0e0a432f7b68,0,0,0,0,0,0,new,2026-07-07 06:10:44.321+00,,2026-07-16 09:31:43.179112+00,0
17db36a4-c530-4359-8a5d-e785f3ebc86e,bd7d53fd-76e2-4330-ab15-0e0a432f7b68,0,0,0,0,0,0,new,2026-07-07 06:10:44.322+00,,2026-07-16 09:31:43.179112+00,0
14575a8f-757e-4dab-83d2-a925ec287662,bd7d53fd-76e2-4330-ab15-0e0a432f7b68,0,0,0,0,0,0,new,2026-07-07 06:10:44.322+00,,2026-07-16 09:31:43.179112+00,0
b7879a74-8da7-4e40-b600-e4fb8916cf93,bd7d53fd-76e2-4330-ab15-0e0a432f7b68,0,0,0,0,0,0,new,2026-07-02 15:04:27.134+00,,2026-07-16 09:31:43.179112+00,0
a772fd1b-3001-4666-a1e0-088bd3971112,bd7d53fd-76e2-4330-ab15-0e0a432f7b68,0,0,0,0,0,0,new,2026-07-07 06:09:54.705+00,,2026-07-16 09:31:43.179112+00,0
f0a8cd59-01ea-4b35-933a-2ecf54ef2913,bd7d53fd-76e2-4330-ab15-0e0a432f7b68,0,0,0,0,0,0,new,2026-07-02 15:04:27.134+00,,2026-07-16 09:31:43.179112+00,0
7d1e8e9e-9966-451f-ad18-f187043ee3d1,bd7d53fd-76e2-4330-ab15-0e0a432f7b68,0,0,0,0,0,0,new,2026-07-07 06:10:44.321+00,,2026-07-16 09:31:43.179112+00,0
cc3a033e-1d69-4903-85c6-d1ed53dcbe90,bd7d53fd-76e2-4330-ab15-0e0a432f7b68,0,0,0,0,0,0,new,2026-07-13 16:41:28.964+00,,2026-07-13 16:41:28.964+00,0
acc8a458-dd65-4023-947d-d7c799441f04,bd7d53fd-76e2-4330-ab15-0e0a432f7b68,0,0,0,0,0,0,new,2026-07-13 16:41:28.964+00,,2026-07-13 16:41:28.964+00,0
031f11f4-ae54-4d1a-b1a4-cb0aa7122aaa,bd7d53fd-76e2-4330-ab15-0e0a432f7b68,0,0,0,0,0,0,new,2026-07-13 16:41:28.964+00,,2026-07-13 16:41:28.964+00,0
3b7fe8be-0fcf-495e-85c1-c4aa1dad57d6,bd7d53fd-76e2-4330-ab15-0e0a432f7b68,0,0,0,0,0,0,new,2026-07-13 16:41:28.964+00,,2026-07-13 16:41:28.964+00,0
b4bb3898-0592-4856-9f22-558d7759a1d3,bd7d53fd-76e2-4330-ab15-0e0a432f7b68,0,0,0,0,0,0,new,2026-07-13 16:41:28.964+00,,2026-07-13 16:41:28.964+00,0
14a524c1-9fe8-4c57-bb27-04d52dd7d883,bd7d53fd-76e2-4330-ab15-0e0a432f7b68,0,0,0,0,0,0,new,2026-07-13 16:41:28.964+00,,2026-07-13 16:41:28.964+00,0
bcb2fd94-36dd-432c-974a-5dc6efe6ef8e,bd7d53fd-76e2-4330-ab15-0e0a432f7b68,0,0,0,0,0,0,new,2026-07-13 16:41:28.964+00,,2026-07-13 16:41:28.964+00,0
7f7f7d2f-5b50-4f0a-ac2f-88612a70e62b,bd7d53fd-76e2-4330-ab15-0e0a432f7b68,0,0,0,0,0,0,new,2026-07-02 15:04:27.134+00,,2026-07-16 09:31:42.919004+00,0
57f0f3e9-6f2d-4bb9-a6d4-735dd99c2ce7,bd7d53fd-76e2-4330-ab15-0e0a432f7b68,0,0,0,0,0,0,new,2026-07-02 15:04:27.134+00,,2026-07-16 09:31:42.919004+00,0
7da0b198-5747-4446-8d91-31f4fd6e9d89,bd7d53fd-76e2-4330-ab15-0e0a432f7b68,0,0,0,0,0,0,new,2026-07-02 15:04:27.134+00,,2026-07-16 09:31:42.919004+00,0
55c1a325-20a5-4855-a558-75b11858caee,bd7d53fd-76e2-4330-ab15-0e0a432f7b68,0,0,0,0,0,0,new,2026-07-02 15:04:27.134+00,,2026-07-16 09:31:42.919004+00,0
08997cac-2e23-4297-83b9-41ff9e782ea1,bd7d53fd-76e2-4330-ab15-0e0a432f7b68,0,0,0,0,0,0,new,2026-07-02 15:04:27.135+00,,2026-07-16 09:31:42.919004+00,0
b9c85faa-16a1-4649-9afc-a14f6d6d4706,bd7d53fd-76e2-4330-ab15-0e0a432f7b68,0,0,0,0,0,0,new,2026-07-02 15:04:27.135+00,,2026-07-16 09:31:42.919004+00,0
6d034af3-4ec5-4708-af51-61c593299e4c,bd7d53fd-76e2-4330-ab15-0e0a432f7b68,0,0,0,0,0,0,new,2026-07-02 15:04:27.135+00,,2026-07-16 09:31:42.919004+00,0
0abfe60d-7c40-4cde-abd8-f42c8f95179b,bd7d53fd-76e2-4330-ab15-0e0a432f7b68,0,0,0,0,0,0,new,2026-07-07 06:10:44.321+00,,2026-07-16 09:31:43.179112+00,0
8ab99f4b-fbb7-4453-99bc-3357d300bfea,bd7d53fd-76e2-4330-ab15-0e0a432f7b68,0,0,0,0,0,0,new,2026-07-07 06:10:44.321+00,,2026-07-16 09:31:43.179112+00,0
04d9c78f-307d-45ca-83b8-78882939dffe,bd7d53fd-76e2-4330-ab15-0e0a432f7b68,0,0,0,0,0,0,new,2026-07-07 06:10:44.321+00,,2026-07-16 09:31:43.179112+00,0
acbd1d94-16fe-431b-b4e9-e4f1c3a39495,bd7d53fd-76e2-4330-ab15-0e0a432f7b68,0,0,0,0,0,0,new,2026-07-07 06:10:44.321+00,,2026-07-16 09:31:43.179112+00,0
eb632929-29ae-4ff5-ba45-469a683e49c9,bd7d53fd-76e2-4330-ab15-0e0a432f7b68,0,0,0,0,0,0,new,2026-07-07 06:10:44.321+00,,2026-07-16 09:31:43.179112+00,0
ac521000-1d19-4eb5-922c-bb276179e8fe,bd7d53fd-76e2-4330-ab15-0e0a432f7b68,0,0,0,0,0,0,new,2026-07-07 06:10:44.321+00,,2026-07-16 09:31:43.179112+00,0
ede6ac38-739a-41c4-aaa7-06ecee55fc38,bd7d53fd-76e2-4330-ab15-0e0a432f7b68,0,0,0,0,0,0,new,2026-07-07 06:10:44.322+00,,2026-07-16 09:31:43.179112+00,0
addaa155-c565-4d59-b7c6-7296fd52ef75,bd7d53fd-76e2-4330-ab15-0e0a432f7b68,0,0,0,0,0,0,new,2026-07-13 16:41:28.964+00,,2026-07-13 16:41:28.964+00,0
20180738-ebe8-47f6-a380-13fe8bbb8b69,bd7d53fd-76e2-4330-ab15-0e0a432f7b68,0,0,0,0,0,0,new,2026-07-13 16:41:28.964+00,,2026-07-13 16:41:28.964+00,0
517f4d2d-0e0d-40cf-b302-f8c1b1feb42b,bd7d53fd-76e2-4330-ab15-0e0a432f7b68,0,0,0,0,0,0,new,2026-07-13 16:41:28.964+00,,2026-07-13 16:41:28.964+00,0
4e666b92-642f-4b69-b913-2150ec27cbfa,bd7d53fd-76e2-4330-ab15-0e0a432f7b68,0,0,0,0,0,0,new,2026-07-13 16:41:28.964+00,,2026-07-13 16:41:28.964+00,0
f9194521-fd58-4efd-b9d5-f6b08d3fee56,bd7d53fd-76e2-4330-ab15-0e0a432f7b68,0,0,0,0,0,0,new,2026-07-13 16:41:28.964+00,,2026-07-13 16:41:28.964+00,0
4299504f-3877-4c28-bcb3-ae11ac4d654b,bd7d53fd-76e2-4330-ab15-0e0a432f7b68,0,0,0,0,0,0,new,2026-07-02 15:04:27.134+00,,2026-07-16 09:31:42.919004+00,0
f8715270-84f2-4aa0-8a00-e0a6aa5866a1,bd7d53fd-76e2-4330-ab15-0e0a432f7b68,0,0,0,0,0,0,new,2026-07-02 15:04:27.134+00,,2026-07-16 09:31:42.919004+00,0
f8a8381b-180a-428a-b933-ec5097c76f78,bd7d53fd-76e2-4330-ab15-0e0a432f7b68,0,0,0,0,0,0,new,2026-07-02 15:04:27.134+00,,2026-07-16 09:31:42.919004+00,0
558a5373-2af4-42a9-9087-517ace73f3d6,bd7d53fd-76e2-4330-ab15-0e0a432f7b68,0,0,0,0,0,0,new,2026-07-02 15:04:27.134+00,,2026-07-16 09:31:42.919004+00,0
09e349bf-4c3a-4fef-9546-ea9a933c957f,bd7d53fd-76e2-4330-ab15-0e0a432f7b68,0,0,0,0,0,0,new,2026-07-07 06:10:44.322+00,,2026-07-16 09:31:43.179112+00,0
d7e58750-d036-470c-82ec-834bd5c244ea,bd7d53fd-76e2-4330-ab15-0e0a432f7b68,0,0,0,0,0,0,new,2026-07-07 06:10:44.321+00,,2026-07-16 09:31:43.179112+00,0
8bf70ae5-31a6-46ed-b014-c5d91f6f6fe2,bd7d53fd-76e2-4330-ab15-0e0a432f7b68,0,0,0,0,0,0,new,2026-07-13 16:41:28.964+00,,2026-07-13 16:41:28.964+00,0
5f709028-3a89-463d-a9a5-077fc9d6fb84,bd7d53fd-76e2-4330-ab15-0e0a432f7b68,0,0,0,0,0,0,new,2026-07-13 16:41:28.964+00,,2026-07-13 16:41:28.964+00,0
a7eaab3b-0135-4f7e-a54d-d1084ced70cb,bd7d53fd-76e2-4330-ab15-0e0a432f7b68,0,0,0,0,0,0,new,2026-07-13 16:41:28.964+00,,2026-07-13 16:41:28.964+00,0
0e5e4736-2715-4e97-942d-cd5925c3a3c7,bd7d53fd-76e2-4330-ab15-0e0a432f7b68,0,0,0,0,0,0,new,2026-07-13 16:41:28.964+00,,2026-07-13 16:41:28.964+00,0
15476e93-b9f4-4e9c-ac3e-98d592fcd602,bd7d53fd-76e2-4330-ab15-0e0a432f7b68,0,0,0,0,0,0,new,2026-07-02 15:04:27.134+00,,2026-07-16 09:31:42.919004+00,0
0d34db91-f4ae-46e2-9e8a-e9447c537ea2,bd7d53fd-76e2-4330-ab15-0e0a432f7b68,0,0,0,0,0,0,new,2026-07-02 15:04:27.135+00,,2026-07-16 09:31:42.919004+00,0
2f521a90-5e94-48a7-8813-6a9b13f5ba79,bd7d53fd-76e2-4330-ab15-0e0a432f7b68,0,0,0,0,0,0,new,2026-07-02 15:04:27.135+00,,2026-07-16 09:31:42.919004+00,0
0e86c3d2-9d2e-435b-ad5f-c397f2d130c3,bd7d53fd-76e2-4330-ab15-0e0a432f7b68,0,0,0,0,0,0,new,2026-07-02 15:04:27.135+00,,2026-07-16 09:31:42.919004+00,0
38dba264-28a5-495a-b50a-25b5e5637079,bd7d53fd-76e2-4330-ab15-0e0a432f7b68,0,0,0,0,0,0,new,2026-07-02 15:04:27.135+00,,2026-07-16 09:31:42.919004+00,0
b130f46b-097a-422b-a030-fe9941b46a11,bd7d53fd-76e2-4330-ab15-0e0a432f7b68,0,0,0,0,0,0,new,2026-07-02 15:04:27.135+00,,2026-07-16 09:31:42.919004+00,0
04dcd883-78e4-4bf6-bc40-571f7e7f057a,bd7d53fd-76e2-4330-ab15-0e0a432f7b68,0,0,0,0,0,0,new,2026-07-02 15:04:27.135+00,,2026-07-16 09:31:42.919004+00,0
2ee8b693-14c0-43ce-b5b7-685f96dc37ba,bd7d53fd-76e2-4330-ab15-0e0a432f7b68,0,0,0,0,0,0,new,2026-07-02 15:04:27.135+00,,2026-07-16 09:31:42.919004+00,0
b07ada01-988e-42b7-973d-9a5d23c72444,bd7d53fd-76e2-4330-ab15-0e0a432f7b68,0,0,0,0,0,0,new,2026-07-02 15:04:27.135+00,,2026-07-16 09:31:42.919004+00,0
546ecc1e-6d84-4850-aae1-c6e6f9b0cbed,bd7d53fd-76e2-4330-ab15-0e0a432f7b68,0,0,0,0,0,0,new,2026-07-02 15:04:27.135+00,,2026-07-16 09:31:42.919004+00,0
70fc1f1a-2130-4320-9ea5-7eb91fb22125,bd7d53fd-76e2-4330-ab15-0e0a432f7b68,0,0,0,0,0,0,new,2026-07-02 15:04:27.135+00,,2026-07-16 09:31:42.919004+00,0
6ed25284-01f0-4100-869f-0baf6e745614,bd7d53fd-76e2-4330-ab15-0e0a432f7b68,0,0,0,0,0,0,new,2026-07-02 15:04:27.135+00,,2026-07-16 09:31:42.919004+00,0
a4006615-f254-40c4-8bf7-0d93812fdcc1,bd7d53fd-76e2-4330-ab15-0e0a432f7b68,0,0,0,0,0,0,new,2026-07-07 06:09:54.705+00,,2026-07-16 09:31:42.919004+00,0
f3a56a48-aa22-40e7-ae98-97e4c33902cc,bd7d53fd-76e2-4330-ab15-0e0a432f7b68,0,0,0,0,0,0,new,2026-07-07 06:09:54.705+00,,2026-07-16 09:31:42.919004+00,0
37fdb8e0-3c46-4c7a-af82-40d0baacb3aa,bd7d53fd-76e2-4330-ab15-0e0a432f7b68,0,0,0,0,0,0,new,2026-07-07 06:09:54.705+00,,2026-07-16 09:31:42.919004+00,0
ae6e663d-4442-4f79-a706-5dc9233a4965,bd7d53fd-76e2-4330-ab15-0e0a432f7b68,0,0,0,0,0,0,new,2026-07-13 16:41:28.964+00,,2026-07-13 16:41:28.964+00,0
bc63d74d-7dc0-4d7c-bb63-5e9571444430,bd7d53fd-76e2-4330-ab15-0e0a432f7b68,0,0,0,0,0,0,new,2026-07-13 16:41:28.964+00,,2026-07-13 16:41:28.964+00,0
150e8878-19e2-45ed-8358-20a0ffbe02f5,bd7d53fd-76e2-4330-ab15-0e0a432f7b68,0,0,0,0,0,0,new,2026-07-13 16:41:28.964+00,,2026-07-13 16:41:28.964+00,0
52b30217-665a-4ecf-bf07-7c097ef11176,bd7d53fd-76e2-4330-ab15-0e0a432f7b68,0,0,0,0,0,0,new,2026-07-13 16:41:28.964+00,,2026-07-13 16:41:28.964+00,0
8e56eeb0-0347-4ad8-8030-25b9d7935e77,bd7d53fd-76e2-4330-ab15-0e0a432f7b68,0,0,0,0,0,0,new,2026-07-07 06:09:54.705+00,,2026-07-16 09:31:42.919004+00,0
0600597e-ea73-4adf-8b2e-92190b1263e6,bd7d53fd-76e2-4330-ab15-0e0a432f7b68,0,0,0,0,0,0,new,2026-07-07 06:09:54.705+00,,2026-07-16 09:31:42.919004+00,0
1af04c59-8dbb-43ef-a9bd-843d071fce51,bd7d53fd-76e2-4330-ab15-0e0a432f7b68,0,0,0,0,0,0,new,2026-07-07 06:10:44.322+00,,2026-07-16 09:31:43.179112+00,0
87c02c88-95f0-426c-928e-20bf6e0eeb8b,bd7d53fd-76e2-4330-ab15-0e0a432f7b68,0,0,0,0,0,0,new,2026-07-07 06:10:44.322+00,,2026-07-16 09:31:43.179112+00,0
3ab9db1b-bd60-482f-ba97-3553ee75e937,bd7d53fd-76e2-4330-ab15-0e0a432f7b68,0,0,0,0,0,0,new,2026-07-07 06:10:44.322+00,,2026-07-16 09:31:43.179112+00,0
013b893b-1884-4694-b794-7824697a3532,bd7d53fd-76e2-4330-ab15-0e0a432f7b68,0,0,0,0,0,0,new,2026-07-07 06:10:44.322+00,,2026-07-16 09:31:43.179112+00,0
5bf61ce4-9f1f-4ab6-ac9d-e9db9a08e8bb,bd7d53fd-76e2-4330-ab15-0e0a432f7b68,0,0,0,0,0,0,new,2026-07-13 16:41:28.964+00,,2026-07-13 16:41:28.964+00,0
108ee993-a433-4c7f-afe2-e2cf7c6e1643,bd7d53fd-76e2-4330-ab15-0e0a432f7b68,0,0,0,0,0,0,new,2026-07-13 16:41:28.964+00,,2026-07-13 16:41:28.964+00,0
6859eea2-d82d-4536-8110-6c0a8d949c21,bd7d53fd-76e2-4330-ab15-0e0a432f7b68,0,0,0,0,0,0,new,2026-07-13 16:41:28.964+00,,2026-07-13 16:41:28.964+00,0
a7c1cd27-78bb-4642-8dd3-e802933abefe,bd7d53fd-76e2-4330-ab15-0e0a432f7b68,0,0,0,0,0,0,new,2026-07-13 16:41:28.964+00,,2026-07-13 16:41:28.964+00,0
d3547621-45e8-41f4-8c0f-8569df43a2fa,bd7d53fd-76e2-4330-ab15-0e0a432f7b68,0,0,0,0,0,0,new,2026-07-07 06:10:44.322+00,,2026-07-16 09:31:43.179112+00,0
e84f8f10-3a1d-4112-a3c5-43923599fad9,bd7d53fd-76e2-4330-ab15-0e0a432f7b68,0,0,0,0,0,0,new,2026-07-07 06:10:44.322+00,,2026-07-16 09:31:43.179112+00,0
1c0d25fc-1dc3-44f9-b78e-7235552c76dd,bd7d53fd-76e2-4330-ab15-0e0a432f7b68,0,0,0,0,0,0,new,2026-07-13 16:41:28.964+00,,2026-07-13 16:41:28.964+00,0
bb777719-910c-46c2-a431-bb9db5bfe4f7,bd7d53fd-76e2-4330-ab15-0e0a432f7b68,0,0,0,0,0,0,new,2026-07-13 16:41:28.964+00,,2026-07-13 16:41:28.964+00,0
e5165ba1-aea3-4d1e-b5cb-e7d257699a4a,bd7d53fd-76e2-4330-ab15-0e0a432f7b68,0,0,0,0,0,0,new,2026-07-13 16:41:28.964+00,,2026-07-13 16:41:28.964+00,0
74a733f1-7445-4caf-9a97-1cbec4dc73ff,bd7d53fd-76e2-4330-ab15-0e0a432f7b68,0,0,0,0,0,0,new,2026-07-07 06:10:44.321+00,,2026-07-16 09:31:43.179112+00,0
dc6b0a68-d245-4e17-a6fe-7660d921444f,bd7d53fd-76e2-4330-ab15-0e0a432f7b68,0,0,0,0,0,0,new,2026-07-02 15:04:27.134+00,,2026-07-12 15:44:32.858886+00,0
9e7b156d-5325-495e-a19e-6c8f80bc3331,bd7d53fd-76e2-4330-ab15-0e0a432f7b68,0,0,0,0,0,0,new,2026-07-13 16:41:28.964+00,,2026-07-13 16:41:28.964+00,0
e9b85103-e5f4-43c9-a003-44d27226a0c5,bd7d53fd-76e2-4330-ab15-0e0a432f7b68,0,0,0,0,0,0,new,2026-07-13 16:41:28.964+00,,2026-07-13 16:41:28.964+00,0
fb348ce9-c646-47d9-ac5d-3d2d1f4e13a0,bd7d53fd-76e2-4330-ab15-0e0a432f7b68,0,0,0,0,0,0,new,2026-07-07 06:09:54.705+00,,2026-07-16 09:31:42.919004+00,0
4de726df-2f7a-47b0-8ffc-f9b7a87961f5,bd7d53fd-76e2-4330-ab15-0e0a432f7b68,0,0,0,0,0,0,new,2026-07-07 06:09:54.705+00,,2026-07-16 09:31:42.919004+00,0
689d4fa4-a114-47ac-9582-6141cf135132,bd7d53fd-76e2-4330-ab15-0e0a432f7b68,0,0,0,0,0,0,new,2026-07-07 06:10:44.321+00,,2026-07-16 09:31:43.179112+00,0
7d5214aa-0593-414a-a755-aca523628b48,bd7d53fd-76e2-4330-ab15-0e0a432f7b68,0,0,0,0,0,0,new,2026-07-07 06:10:44.321+00,,2026-07-16 09:31:43.179112+00,0
8dd4f994-adda-4bcc-980a-28948c73c3bc,bd7d53fd-76e2-4330-ab15-0e0a432f7b68,0,0,0,0,0,0,new,2026-07-07 06:10:44.321+00,,2026-07-16 09:31:43.179112+00,0
5b29124e-d7d8-4f79-8fe2-0e9c7d312fbd,bd7d53fd-76e2-4330-ab15-0e0a432f7b68,0,0,0,0,0,0,new,2026-07-07 06:10:44.322+00,,2026-07-16 09:31:43.179112+00,0
9eb862e9-5fef-423d-b80c-42dd57c20d5c,bd7d53fd-76e2-4330-ab15-0e0a432f7b68,0,0,0,0,0,0,new,2026-07-07 06:10:44.322+00,,2026-07-16 09:31:43.179112+00,0
b74a1745-6796-4455-a9e7-b70b88c9e816,bd7d53fd-76e2-4330-ab15-0e0a432f7b68,0,0,0,0,0,0,new,2026-07-07 06:10:44.322+00,,2026-07-16 09:31:43.179112+00,0
69ddf0de-b746-40ad-8ee2-b0663ac9aaed,bd7d53fd-76e2-4330-ab15-0e0a432f7b68,0,0,0,0,0,0,new,2026-07-07 06:10:44.322+00,,2026-07-16 09:31:43.179112+00,0
52a35b1d-c519-4153-8fc8-d3f4556b2c88,bd7d53fd-76e2-4330-ab15-0e0a432f7b68,0,0,0,0,0,0,new,2026-07-07 06:10:44.322+00,,2026-07-16 09:31:43.179112+00,0
87d82aa1-ce36-413a-b43a-7de05c9ed4c9,bd7d53fd-76e2-4330-ab15-0e0a432f7b68,0,0,0,0,0,0,new,2026-07-07 06:10:44.322+00,,2026-07-16 09:31:43.179112+00,0
62304687-e0e1-46c4-b845-b5192c47baa5,bd7d53fd-76e2-4330-ab15-0e0a432f7b68,0,0,0,0,0,0,new,2026-07-13 16:41:28.964+00,,2026-07-13 16:41:28.964+00,0
4e8d0b6d-206b-4617-a6bd-ce45e82ddf7d,bd7d53fd-76e2-4330-ab15-0e0a432f7b68,0,0,0,0,0,0,new,2026-07-13 16:41:28.964+00,,2026-07-13 16:41:28.964+00,0
47798149-cd2c-4432-9e4e-6d257bee9eca,bd7d53fd-76e2-4330-ab15-0e0a432f7b68,0,0,0,0,0,0,new,2026-07-13 16:41:28.964+00,,2026-07-13 16:41:28.964+00,0
fad6387f-383f-4ff9-a5be-dd70beb2ab66,bd7d53fd-76e2-4330-ab15-0e0a432f7b68,0,0,0,0,0,0,new,2026-07-13 16:41:28.964+00,,2026-07-13 16:41:28.964+00,0
dd74651b-d7e4-40de-8781-48dc90b9db98,bd7d53fd-76e2-4330-ab15-0e0a432f7b68,0,0,0,0,0,0,new,2026-07-13 16:41:28.964+00,,2026-07-13 16:41:28.964+00,0
8ba13575-eace-4b94-b17c-973c4af18938,bd7d53fd-76e2-4330-ab15-0e0a432f7b68,0,0,0,0,0,0,new,2026-07-02 15:04:27.134+00,,2026-07-16 09:31:42.919004+00,0
92118679-5cda-4db5-848c-f7a083451208,bd7d53fd-76e2-4330-ab15-0e0a432f7b68,0,0,0,0,0,0,new,2026-07-02 15:04:27.134+00,,2026-07-16 09:31:42.919004+00,0
dc681701-3f03-4621-b632-accee9d3c959,bd7d53fd-76e2-4330-ab15-0e0a432f7b68,0,0,0,0,0,0,new,2026-07-02 15:04:27.134+00,,2026-07-16 09:31:42.919004+00,0
a46be20f-216e-43f5-be3b-0e20b06e2662,bd7d53fd-76e2-4330-ab15-0e0a432f7b68,0,0,0,0,0,0,new,2026-07-02 15:04:27.134+00,,2026-07-16 09:31:42.919004+00,0
0532f4ca-a898-46ba-904d-54197651fc3a,bd7d53fd-76e2-4330-ab15-0e0a432f7b68,0,0,0,0,0,0,new,2026-07-02 15:04:27.134+00,,2026-07-16 09:31:42.919004+00,0
42f11d2a-86cc-421a-b879-2ce8ca5d15c6,bd7d53fd-76e2-4330-ab15-0e0a432f7b68,0,0,0,0,0,0,new,2026-07-02 15:04:27.134+00,,2026-07-16 09:31:42.919004+00,0
8c7d392e-1120-4b75-9434-38c284144542,bd7d53fd-76e2-4330-ab15-0e0a432f7b68,0,0,0,0,0,0,new,2026-07-02 15:04:27.134+00,,2026-07-16 09:31:42.919004+00,0
33ddeafc-052c-4fdb-a53b-41939246d81b,bd7d53fd-76e2-4330-ab15-0e0a432f7b68,0,0,0,0,0,0,new,2026-07-02 15:04:27.134+00,,2026-07-16 09:31:42.919004+00,0
0ad85c46-3564-4e7a-92ab-ff213510d28c,bd7d53fd-76e2-4330-ab15-0e0a432f7b68,0,0,0,0,0,0,new,2026-07-02 15:04:27.134+00,,2026-07-16 09:31:42.919004+00,0
061f006e-74c8-40fd-a796-3d91b5ff8845,bd7d53fd-76e2-4330-ab15-0e0a432f7b68,0,0,0,0,0,0,new,2026-07-02 15:04:27.134+00,,2026-07-16 09:31:42.919004+00,0
8c0946d9-476f-491b-a3c3-a1939f8c6744,bd7d53fd-76e2-4330-ab15-0e0a432f7b68,0,0,0,0,0,0,new,2026-07-02 15:04:27.134+00,,2026-07-16 09:31:42.919004+00,0
91285d7f-5c29-4a81-a215-083f1400bd5f,bd7d53fd-76e2-4330-ab15-0e0a432f7b68,0,0,0,0,0,0,new,2026-07-07 06:09:54.705+00,,2026-07-16 09:31:43.179112+00,0
4a93529c-aeee-4d83-aa9e-3f6acaf0fd04,bd7d53fd-76e2-4330-ab15-0e0a432f7b68,0,0,0,0,0,0,new,2026-07-07 06:09:54.705+00,,2026-07-16 09:31:43.179112+00,0
c25a72e7-21be-40e0-a821-9d2e664feca1,bd7d53fd-76e2-4330-ab15-0e0a432f7b68,0,0,0,0,0,0,new,2026-07-07 06:10:44.322+00,,2026-07-16 09:31:43.179112+00,0
c54294de-ca5a-4754-9294-8682fa8e6199,bd7d53fd-76e2-4330-ab15-0e0a432f7b68,0,0,0,0,0,0,new,2026-07-07 06:10:44.321+00,,2026-07-16 09:31:43.179112+00,0
6a6a250f-3a9e-4e50-a629-032a3bf105c2,bd7d53fd-76e2-4330-ab15-0e0a432f7b68,0,0,0,0,0,0,new,2026-07-02 15:04:27.134+00,,2026-07-16 09:31:42.919004+00,0
5a28278a-f997-4df7-bb34-e3bac135451e,bd7d53fd-76e2-4330-ab15-0e0a432f7b68,0,0,0,0,0,0,new,2026-07-02 15:04:27.135+00,,2026-07-16 09:31:42.919004+00,0
78dd07c7-e85e-4ff4-ad0b-e8678079b67d,bd7d53fd-76e2-4330-ab15-0e0a432f7b68,0,0,0,0,0,0,new,2026-07-02 15:04:27.135+00,,2026-07-16 09:31:42.919004+00,0
b6042d88-a922-4a72-96e4-a70f6c64c47d,bd7d53fd-76e2-4330-ab15-0e0a432f7b68,0,0,0,0,0,0,new,2026-07-02 15:04:27.135+00,,2026-07-16 09:31:42.919004+00,0
01cdb599-659f-4507-8433-ba13de021f80,bd7d53fd-76e2-4330-ab15-0e0a432f7b68,0,0,0,0,0,0,new,2026-07-02 15:04:27.135+00,,2026-07-16 09:31:42.919004+00,0
34b31288-5c6c-414f-b652-3b3b8e11aec2,bd7d53fd-76e2-4330-ab15-0e0a432f7b68,0,0,0,0,0,0,new,2026-07-02 15:04:27.135+00,,2026-07-16 09:31:42.919004+00,0
42bd7ba0-f07e-4428-840a-57f2b237d1e2,bd7d53fd-76e2-4330-ab15-0e0a432f7b68,0,0,0,0,0,0,new,2026-07-02 15:04:27.135+00,,2026-07-16 09:31:42.919004+00,0
036a407d-cf9a-4c8b-8f19-ebffa6a7fed2,bd7d53fd-76e2-4330-ab15-0e0a432f7b68,0,0,0,0,0,0,new,2026-07-02 15:04:27.135+00,,2026-07-16 09:31:42.919004+00,0
d566e377-4b7d-4bc4-9e84-809f74e7e66c,bd7d53fd-76e2-4330-ab15-0e0a432f7b68,0,0,0,0,0,0,new,2026-07-02 15:04:27.135+00,,2026-07-16 09:31:42.919004+00,0
92f4aec5-58e8-4942-85b7-4369f273e744,bd7d53fd-76e2-4330-ab15-0e0a432f7b68,0,0,0,0,0,0,new,2026-07-02 15:04:27.135+00,,2026-07-16 09:31:42.919004+00,0
979988fd-082b-451c-9850-cb872cbcf9da,bd7d53fd-76e2-4330-ab15-0e0a432f7b68,0,0,0,0,0,0,new,2026-07-02 15:04:27.135+00,,2026-07-16 09:31:42.919004+00,0
82970158-74fe-445c-b070-0aca87a166c9,bd7d53fd-76e2-4330-ab15-0e0a432f7b68,0,0,0,0,0,0,new,2026-07-02 15:04:27.135+00,,2026-07-16 09:31:42.919004+00,0
cd560b8a-3029-491d-b00b-719d2f576499,bd7d53fd-76e2-4330-ab15-0e0a432f7b68,37.6602278779479,3.86402671652124,0,0,2,0,review,2026-08-13 15:18:52.109+00,2026-07-10 15:18:52.109+00,2026-07-16 09:31:43.179112+00,0.978849900463778
15c0f362-e66c-48f1-9a0b-c8d8b1243fec,bd7d53fd-76e2-4330-ab15-0e0a432f7b68,37.6627989589999,3.86402671652124,0,0,2,0,review,2026-08-17 15:19:33.002+00,2026-07-10 15:19:33.002+00,2026-07-16 09:31:43.179112+00,0.978847475393311
c37e822f-b1d7-415d-8bbf-99c75c62e35d,bd7d53fd-76e2-4330-ab15-0e0a432f7b68,37.4541251733149,3.86402671652124,0,0,2,0,review,2026-08-16 15:19:53.131+00,2026-07-10 15:19:53.131+00,2026-07-16 09:31:42.919004+00,0.979044317818179
249e6e24-76fd-42a6-a6ba-c4b3c7bc942a,bd7d53fd-76e2-4330-ab15-0e0a432f7b68,28.909417070514,3.86402671652124,0,0,2,0,review,2026-08-01 10:37:35.158+00,2026-07-04 10:37:35.158+00,2026-07-16 09:31:42.919004+00,0.987138018260202
b25f995e-92fc-486a-ad67-bc891ca3e370,bd7d53fd-76e2-4330-ab15-0e0a432f7b68,37.4557853866271,3.86402671652124,0,0,2,0,review,2026-08-18 15:20:21.562+00,2026-07-10 15:20:21.562+00,2026-07-16 09:31:42.919004+00,0.979042751582519
e6f7dc0c-60c6-4058-a6a2-3f6c161e2d6c,bd7d53fd-76e2-4330-ab15-0e0a432f7b68,22.9845097255668,3.86402671652124,0,0,2,0,review,2026-08-05 15:18:47.136+00,2026-07-10 15:18:47.136+00,2026-07-16 09:31:42.919004+00,0.99278890581289
de57c86f-04db-4232-b022-53d316cafffd,bd7d53fd-76e2-4330-ab15-0e0a432f7b68,34.2900861976158,4.13624684821842,0,0,3,0,review,2026-08-13 05:10:05.416+00,2026-07-13 05:10:05.416+00,2026-07-13 05:10:06.709604+00,0.999999769123673
a29a86d1-6e4f-4f9e-9bc3-2df90404a3da,bd7d53fd-76e2-4330-ab15-0e0a432f7b68,37.4442480345835,3.86402671652124,0,0,2,0,review,2026-08-17 15:19:29.432+00,2026-07-10 15:19:29.432+00,2026-07-16 09:31:42.919004+00,0.979053635904581
49d1e57c-02a1-4eaf-85f1-61c4535f49ca,bd7d53fd-76e2-4330-ab15-0e0a432f7b68,22.9841074131855,3.86402671652124,0,0,2,0,review,2026-08-05 15:18:58.478+00,2026-07-10 15:18:58.478+00,2026-07-16 09:31:42.919004+00,0.99278929060507
67315a79-5712-445f-9cdb-29fb9cf08065,bd7d53fd-76e2-4330-ab15-0e0a432f7b68,37.4430948495569,3.86402671652124,0,0,2,0,review,2026-08-17 15:19:04.66+00,2026-07-10 15:19:04.66+00,2026-07-16 09:31:42.919004+00,0.979054723824263
318e04e0-365f-4c34-aaa5-02beb341a9ec,bd7d53fd-76e2-4330-ab15-0e0a432f7b68,37.4534327624751,3.86402671652124,0,0,2,0,review,2026-08-14 15:19:15.665+00,2026-07-10 15:19:15.665+00,2026-07-16 09:31:42.919004+00,0.979044971035296
f73ce6f1-a21e-4db3-8e42-2a1f1d294c18,bd7d53fd-76e2-4330-ab15-0e0a432f7b68,23.1982046501619,3.86402671652124,0,0,2,0,review,2026-08-04 15:19:56.705+00,2026-07-10 15:19:56.705+00,2026-07-16 09:31:42.919004+00,0.992584537959399