id,session_id,card_id,user_id,rating,response_ms,reviewed_at,scheduled_interval,ease,was_new
01cabbdf-5923-4443-8981-75a03ed0809a,015036c4-ea59-4bb9-94ec-fb50be65a8ef,c754f6d8-b2b9-4f66-893a-1302f21fec94,bd7d53fd-76e2-4330-ab15-0e0a432f7b68,4,0,2026-06-16 14:09:55.311+00,1,3.28285649513529,false
02b38984-f823-435e-bcc1-b17a22bc9d23,24a5608b-860f-4884-9ee7-ba23e2a9fc6d,8293ddb1-56bc-4324-96f2-6b1e547ead96,bd7d53fd-76e2-4330-ab15-0e0a432f7b68,4,0,2026-06-18 10:48:37.939+00,1,3.28285649513529,true
03334d1f-0fa8-4050-b58a-35ed53dd77eb,06bf0f6e-43fa-4a2d-acfe-93e8c12576c0,e6f7dc0c-60c6-4058-a6a2-3f6c161e2d6c,bd7d53fd-76e2-4330-ab15-0e0a432f7b68,4,11397,2026-07-11 05:12:47.386+00,31,3.86402671652124,false
04c1164d-85fe-4f8a-a9af-56858fad0d03,d6c0cdb2-9379-4868-bb9c-c14c9a21a8dc,72d0c475-e7d2-4cc5-b62d-eedffc055c51,bd7d53fd-76e2-4330-ab15-0e0a432f7b68,4,0,2026-06-20 10:20:36.525+00,16,2.21775649513529,false
06c11d60-7192-45b9-8fca-d4586921f04c,84dcf5fc-7dc3-414b-b6d1-d6e092c24d00,d4a332c2-ede0-4eb5-ae5b-c658b4e8827f,bd7d53fd-76e2-4330-ab15-0e0a432f7b68,1,13347,2026-07-13 06:54:48.306+00,1,6.33396958698642,false
073afcd4-9aac-4fd9-9a66-14f4efc9fdab,b53f282f-5257-4606-ab5f-636ee4447a75,92118679-5cda-4db5-848c-f7a083451208,bd7d53fd-76e2-4330-ab15-0e0a432f7b68,4,28814,2026-07-13 06:25:26.162+00,1,3.28285649513529,true
0801c210-17db-440a-b4fc-fe900c0d8c9d,a103da43-f13a-45bc-b6c9-bd20d50c2d2e,9cd00f96-8779-4acb-b268-90248d5e3b16,bd7d53fd-76e2-4330-ab15-0e0a432f7b68,4,0,2026-06-15 14:02:52.574+00,4,3.8,false
0b73509a-161f-47fe-b7c1-0fbd3105305b,d2b7b222-e492-4778-b020-34735080366f,37680326-680b-4cbf-bf89-665f1faefaff,bd7d53fd-76e2-4330-ab15-0e0a432f7b68,4,0,2026-06-21 06:23:01.1+00,1,3.28285649513529,true
0dca2d4b-d64c-4741-9659-e01205be42d5,a7111937-6599-40ec-bd8a-8260d6747b51,32ddced7-c6f0-4a8b-a0ed-a7066a9b7b2b,bd7d53fd-76e2-4330-ab15-0e0a432f7b68,4,0,2026-06-20 10:20:37.833+00,16,2.21775649513529,false
0e533685-a24c-4f2b-82e2-cac4498d8d71,ce101347-e714-401e-9fca-7f9e9035c57d,1d91bd08-15e7-409a-b255-ecc8c5849dd0,bd7d53fd-76e2-4330-ab15-0e0a432f7b68,4,0,2026-06-18 10:44:19.313+00,1,3.28285649513529,true
106d5fa7-0a8f-418d-89e3-acfb3bd17819,a8fce8d7-c3ea-423d-977e-067a2b827791,4b2cc16e-1c0b-4d07-9199-e3e636bdb9fb,bd7d53fd-76e2-4330-ab15-0e0a432f7b68,4,0,2026-06-17 10:28:42.214+00,18,2.21775649513529,false
1234acbe-cee7-461a-bff4-9210acd43ac4,c1efedab-8b85-41b9-a1c8-13807ba7fa24,e57a75bd-4428-4d9e-b4dd-53162b4900cf,bd7d53fd-76e2-4330-ab15-0e0a432f7b68,4,0,2026-06-21 09:35:12.887+00,1,3.28285649513529,true
12529bcf-ce5e-4373-a601-c808419c5a5a,4d7b04a7-1098-408e-a0e6-603650bf1c8b,13e955a9-0a00-4b67-b127-d46463eae697,bd7d53fd-76e2-4330-ab15-0e0a432f7b68,4,9689,2026-07-13 05:09:41.971+00,36,3.86402671652124,false
132a7446-be76-4034-a485-3d2acf99b838,be730891-d2ed-49a7-81d7-adfadb140c77,7d1e8e9e-9966-451f-ad18-f187043ee3d1,bd7d53fd-76e2-4330-ab15-0e0a432f7b68,4,53725,2026-07-13 06:52:37.645+00,15,3.86402671652124,false
13c72cd8-ef52-48bd-bede-38d600cd6791,0236b013-b7eb-45ce-b8b7-eeadd09e76d5,6fed131b-8a4d-4b47-b4c3-8592dcb5553f,bd7d53fd-76e2-4330-ab15-0e0a432f7b68,4,0,2026-06-15 08:24:22.422+00,4,3.8,false
14b63ab6-a078-4cd0-828e-bfdc1fed14e4,90b0a600-c5e0-4338-a15a-300be8d07d76,32ddced7-c6f0-4a8b-a0ed-a7066a9b7b2b,bd7d53fd-76e2-4330-ab15-0e0a432f7b68,4,0,2026-06-20 10:20:30.905+00,1,3.28285649513529,true
14ee6341-4cc3-48fd-93c5-57deb40555a5,a9f585b5-2cc0-42df-a99a-cbcca4238a6a,c754f6d8-b2b9-4f66-893a-1302f21fec94,bd7d53fd-76e2-4330-ab15-0e0a432f7b68,4,0,2026-06-18 13:26:41.669+00,1,3.28285649513529,true
15f047a9-a608-4899-b251-464dc87291e4,7a433458-ce97-4452-b2c5-de8e6919bd0d,49d1e57c-02a1-4eaf-85f1-61c4535f49ca,bd7d53fd-76e2-4330-ab15-0e0a432f7b68,4,3206,2026-07-11 05:12:52.882+00,31,3.86402671652124,false
16afa1c7-a39e-4fa2-9336-33adaa799aa4,d1c1fa72-5cc8-40e9-ad4a-c16f9450727c,4a93529c-aeee-4d83-aa9e-3f6acaf0fd04,bd7d53fd-76e2-4330-ab15-0e0a432f7b68,4,11457,2026-07-12 15:43:43.136+00,1,3.28285649513529,true
18ae921d-0fcc-4e98-917a-34a4b698b0d8,ac58f954-7814-4979-8404-446055a3d06f,a3272a23-216c-488b-a090-22607d9c8b8c,bd7d53fd-76e2-4330-ab15-0e0a432f7b68,4,0,2026-06-16 14:13:45.056+00,1,3.28285649513529,false
19b40dae-abe5-484b-ba39-fed3572528cf,fca8f0d2-0970-4caf-a750-fa3e332332e2,a8932484-2f6f-4638-aea2-df853dc57708,bd7d53fd-76e2-4330-ab15-0e0a432f7b68,4,16215,2026-07-13 06:50:45.456+00,14,3.86402671652124,false
1adb34a7-b62a-40c2-b00c-5d1de1de9da9,b973d53a-33c1-4970-a4e8-96618cbbcc36,0cc79915-547c-4a42-aa4f-88b730984d5f,bd7d53fd-76e2-4330-ab15-0e0a432f7b68,4,0,2026-06-21 06:24:11.502+00,1,3.28285649513529,true
1bc3f602-d309-42a2-9405-e4569c3121cf,8879a533-700a-4b28-a315-b29f423e3462,d1c17d98-1dd3-4b88-86a6-5305dd294af3,bd7d53fd-76e2-4330-ab15-0e0a432f7b68,4,8218,2026-07-10 15:56:11.629+00,1,3.28285649513529,true
1d57c06e-483a-43e3-a50f-b41d20458733,a087f46f-5014-4ccc-8122-de2f15544d4a,57f0f3e9-6f2d-4bb9-a6d4-735dd99c2ce7,bd7d53fd-76e2-4330-ab15-0e0a432f7b68,4,5706,2026-07-07 15:40:28.472+00,1,3.28285649513529,true
2007a509-6425-4936-8e7b-9dae55db579e,bcdd945c-39ff-4974-8a6a-c4aaae54a1d7,cd8eb3e1-acea-4a15-aa3b-a435cd0cf3ad,bd7d53fd-76e2-4330-ab15-0e0a432f7b68,4,0,2026-06-16 08:21:17.097+00,4,3.8,false
200e97d4-a676-4d70-940d-e9db8da949ff,bfea43b1-4e3f-4cae-84d2-0fcb99c28e84,96edf309-234f-489f-a7ac-447b435658f9,bd7d53fd-76e2-4330-ab15-0e0a432f7b68,4,0,2026-06-16 14:09:05.579+00,1,3.28285649513529,false
20c0efec-6d2d-4790-b40d-2db852b6b128,feeff074-f0d5-4b1b-afe3-c03acf568897,cd560b8a-3029-491d-b00b-719d2f576499,bd7d53fd-76e2-4330-ab15-0e0a432f7b68,4,5290,2026-07-07 15:06:13.242+00,1,3.28285649513529,true
2136b53f-c14c-4d27-b993-925b9ec9414d,a5635911-ff84-4cb0-a905-5c50d916ba59,f73ce6f1-a21e-4db3-8e42-2a1f1d294c18,bd7d53fd-76e2-4330-ab15-0e0a432f7b68,4,3386,2026-07-10 15:19:56.706+00,25,3.86402671652124,false
21ed8adf-8f81-4abd-b9fb-98fcbc700ede,6e90645d-e518-43a6-8d7f-f00b61e31601,b25f995e-92fc-486a-ad67-bc891ca3e370,bd7d53fd-76e2-4330-ab15-0e0a432f7b68,4,7998,2026-07-11 05:13:39.57+00,43,3.86402671652124,false
23c4ffd3-8474-43fd-a7c9-341a7236f6f0,06593918-9451-4306-8b59-4130035e09af,15476e93-b9f4-4e9c-ac3e-98d592fcd602,bd7d53fd-76e2-4330-ab15-0e0a432f7b68,4,14658,2026-07-16 06:22:40.681+00,1,3.28285649513529,true
249e5fb2-aad5-4dd9-985c-6181010170b0,39dc904b-c26b-4ac0-ad00-e5bc1d848f06,8ba13575-eace-4b94-b17c-973c4af18938,bd7d53fd-76e2-4330-ab15-0e0a432f7b68,4,14525,2026-07-13 06:24:57.157+00,1,3.28285649513529,true
250e4ed3-392f-43ab-9dda-7f811d67b530,1f5e951f-dd64-478d-a135-4ae062dcdde4,339757cd-8e9f-4371-a977-3450c22a3448,bd7d53fd-76e2-4330-ab15-0e0a432f7b68,4,0,2026-06-17 13:31:40.65+00,1,3.28285649513529,false
2670964c-7be5-4431-8fe0-b6796f64da44,66c00fcc-e257-4381-8497-ea5a948417f0,de57c86f-04db-4232-b022-53d316cafffd,bd7d53fd-76e2-4330-ab15-0e0a432f7b68,4,12126,2026-07-10 16:01:34.436+00,1,3.28285649513529,true
27791ce3-c6c5-4e4e-89c4-ae633dbfd17f,0a9e37db-188d-4e56-9210-db1e4dd9f23f,d25fc2c8-e7fa-4ce5-bcbc-8164c5565e72,bd7d53fd-76e2-4330-ab15-0e0a432f7b68,4,0,2026-06-20 10:22:00.548+00,14,4.34795649513529,false
2786294e-9aaa-41a7-bf00-f0dcf157dc47,98a94f50-5a76-4443-98a8-c660def93960,1bb0244a-c939-439c-a2a4-b422e808c7af,bd7d53fd-76e2-4330-ab15-0e0a432f7b68,4,6226,2026-07-13 06:54:10.944+00,13,3.86402671652124,false
2789d413-350c-4a2f-8a4c-76e53837b6ca,f1f52b40-36a4-4f7e-a349-a0689605645c,d1c17d98-1dd3-4b88-86a6-5305dd294af3,bd7d53fd-76e2-4330-ab15-0e0a432f7b68,4,3186,2026-07-12 07:48:56.347+00,28,3.86402671652124,false
28db642e-c19e-4405-9da7-bdafcece7d3c,5636b97e-98e3-47a9-bbe3-2d8fd16c4a01,340352bb-76e4-41e7-9e95-df58c6ed5ef8,bd7d53fd-76e2-4330-ab15-0e0a432f7b68,4,0,2026-06-16 14:08:25.75+00,1,3.28285649513529,false
294364eb-d028-4c7a-91cf-a3297505c47b,c29078c3-0056-47e6-9199-0cc665c28372,3997bf90-f550-4edb-883c-42ce34275db2,bd7d53fd-76e2-4330-ab15-0e0a432f7b68,4,8819,2026-07-12 07:49:08.108+00,3,4.83729106698642,false
296964ed-ce6d-4508-b83f-3acbff14488e,98c04446-6e48-40ed-bb15-6b8a108828d4,8d427c1f-65df-4efa-aca9-4679f94a1c62,bd7d53fd-76e2-4330-ab15-0e0a432f7b68,4,0,2026-06-21 06:16:20.183+00,1,3.28285649513529,true
299b9262-cb87-47ae-a815-303c31d1869c,b0308ab6-0a3d-4f7b-a196-ee91ebc219da,394e25fc-9591-4523-b318-b87126bc416c,bd7d53fd-76e2-4330-ab15-0e0a432f7b68,1,0,2026-06-16 14:23:48.462+00,2,5.41305649513529,false
2c575fe4-cc27-407a-ab7c-b3f4d5de7d9d,61839e30-e0d3-4cbd-9e5b-c22ea4e444b2,340352bb-76e4-41e7-9e95-df58c6ed5ef8,bd7d53fd-76e2-4330-ab15-0e0a432f7b68,4,0,2026-06-17 10:29:00.547+00,18,2.21775649513529,false
2d0672b7-fb8b-4886-92b9-662dcec31da0,79f922b0-af74-46ad-8b41-7fe466973ef4,9f44c2d3-d1a9-42af-bf29-fda249188510,bd7d53fd-76e2-4330-ab15-0e0a432f7b68,4,0,2026-06-18 11:11:10.268+00,13,2.21775649513529,false
2dfa265e-6b6a-4869-9623-1109c89c58a2,182b57e2-31fe-4c84-919f-8792b9d0c6b9,5fa5aa70-03c1-4d43-838c-d2927efef28c,bd7d53fd-76e2-4330-ab15-0e0a432f7b68,4,0,2026-06-18 10:45:17.25+00,1,3.28285649513529,true
2fa5b45a-29e2-4378-af15-bc8a1119f115,cc7df754-4e0e-4335-96d6-be5157564dfb,0600597e-ea73-4adf-8b2e-92190b1263e6,bd7d53fd-76e2-4330-ab15-0e0a432f7b68,4,14278,2026-07-13 06:53:02.827+00,19,3.86402671652124,false
2fbe3f05-004f-41de-a399-58689d023db4,69e8a6bd-766d-40ad-a1d3-2c85a36d9127,f8a8381b-180a-428a-b933-ec5097c76f78,bd7d53fd-76e2-4330-ab15-0e0a432f7b68,4,33245,2026-07-13 06:51:18.89+00,17,3.86402671652124,false
302da354-6581-4837-87d6-a4cd4cfad44f,c64f95e2-4918-49ce-baf1-30696b2d6a6d,bbd340cd-e719-4308-a346-860ecb76679d,bd7d53fd-76e2-4330-ab15-0e0a432f7b68,4,0,2026-06-16 14:15:42.742+00,1,3.28285649513529,false
304466fc-95a6-474b-b3e9-fea7bbc741e5,f1418adb-52ec-4b78-8807-554b6aca9106,a54773c7-374f-407a-a3aa-e526c6137391,bd7d53fd-76e2-4330-ab15-0e0a432f7b68,1,0,2026-06-21 09:26:04.061+00,2,5.41305649513529,false
3076d7fc-e8f6-479e-be8b-d22c49b30e49,0236b013-b7eb-45ce-b8b7-eeadd09e76d5,b1fb0463-6f79-4ad0-9840-c8c95da334fd,bd7d53fd-76e2-4330-ab15-0e0a432f7b68,1,0,2026-06-13 07:04:08.882+00,1,3.6,false
30c5993a-ba3a-4879-b35f-c9f5efbd1611,7bcf04d4-3c84-4b6e-98c3-1c0abfc22b88,de57c86f-04db-4232-b022-53d316cafffd,bd7d53fd-76e2-4330-ab15-0e0a432f7b68,4,7300,2026-07-12 13:28:13.056+00,29,3.86402671652124,false
31265545-ad16-421a-b56e-6069a5f61c65,cc6251f1-b5a4-41c4-98c0-88e61b2cc630,3997bf90-f550-4edb-883c-42ce34275db2,bd7d53fd-76e2-4330-ab15-0e0a432f7b68,4,19260,2026-07-10 16:01:22.121+00,1,3.28285649513529,true
3231d686-7a36-4c7a-98a9-c065a46d88c7,3088957c-0755-4af1-b911-a67caab95070,cca4cc90-cfa0-4f22-88e1-a9af0f5ee4ca,bd7d53fd-76e2-4330-ab15-0e0a432f7b68,4,0,2026-06-21 06:22:50.857+00,1,3.28285649513529,true
340f4b99-b817-4a9e-a342-4eec5911f4d9,20f177f7-c304-4807-bc6a-bcece2ebd262,d1c17d98-1dd3-4b88-86a6-5305dd294af3,bd7d53fd-76e2-4330-ab15-0e0a432f7b68,4,11540,2026-07-12 15:00:32.395+00,30,3.86402671652124,false
34a0da6c-48a9-4cca-af94-818222573648,b4ef210e-0e52-4221-a39b-7b3716583f90,15476e93-b9f4-4e9c-ac3e-98d592fcd602,bd7d53fd-76e2-4330-ab15-0e0a432f7b68,4,96186,2026-07-13 05:44:24.278+00,1,3.28285649513529,true
3543b707-5766-48eb-b059-cfff55912db0,fb682751-63ad-4ba8-a90b-998ecd1ca435,afc363a7-18eb-4a8f-8994-272a157a83cf,bd7d53fd-76e2-4330-ab15-0e0a432f7b68,1,0,2026-06-17 10:31:45.248+00,2,5.41305649513529,false
3662fa97-1f94-4f9c-bf14-31cd3967a59d,1dc30eff-14f8-4268-845b-724ac99f6833,8d427c1f-65df-4efa-aca9-4679f94a1c62,bd7d53fd-76e2-4330-ab15-0e0a432f7b68,4,0,2026-06-21 09:29:26.448+00,1,3.28285649513529,true
371c71cf-e6a6-43e9-a7eb-f749c98d3baf,a1144618-dcf3-4b84-aa96-55d684b012f6,49d1e57c-02a1-4eaf-85f1-61c4535f49ca,bd7d53fd-76e2-4330-ab15-0e0a432f7b68,4,6184,2026-07-10 15:18:58.478+00,26,3.86402671652124,false
39adf569-4346-4687-aaa4-2e29f4520580,27d54cff-fede-43ab-86ca-bd910b05d125,dc681701-3f03-4621-b632-accee9d3c959,bd7d53fd-76e2-4330-ab15-0e0a432f7b68,4,1911,2026-07-13 06:54:13.045+00,19,3.86402671652124,false
39e62aa5-aae2-4d02-a1a9-b9fbdd2b2340,83440261-c86b-43aa-8fb2-ac7de5976282,1d91bd08-15e7-409a-b255-ecc8c5849dd0,bd7d53fd-76e2-4330-ab15-0e0a432f7b68,4,0,2026-06-18 11:10:31.954+00,13,2.21775649513529,false
39e62d0b-0723-4146-9a49-0512950605fe,1f1096f9-0ec9-4c2c-afb6-96cf6c08470a,a54773c7-374f-407a-a3aa-e526c6137391,bd7d53fd-76e2-4330-ab15-0e0a432f7b68,4,0,2026-06-21 06:22:35.991+00,1,3.28285649513529,true
3ae76e74-d398-45db-8d32-fc1ac5bd0d9c,615dd11d-a450-4d9d-9398-c8c7f3e978a4,d7e5d107-9e95-4701-8f19-04a448f4e32e,bd7d53fd-76e2-4330-ab15-0e0a432f7b68,4,7345,2026-07-13 16:20:59.1+00,1,3.28285649513529,true
3d8d5243-a94a-404a-8dc5-0d7c37a8cde3,25b30860-f549-49ab-9903-dfff53e34e28,2a2248c6-dfed-466e-822a-19cf567b9392,bd7d53fd-76e2-4330-ab15-0e0a432f7b68,4,12744,2026-07-12 15:45:08.038+00,1,3.28285649513529,true
3f2d3381-fb77-4855-b96e-c7dbb9b8d51e,92a720cd-8d2a-43c0-b0d6-b20330a6f057,f5eac90f-55c6-42a5-a759-05b334614626,bd7d53fd-76e2-4330-ab15-0e0a432f7b68,4,0,2026-06-21 06:27:00.634+00,1,3.28285649513529,true
3fdac7d4-9510-4a4e-9882-a17371cbd403,09a002b0-b6e6-40f0-a05e-17a492230273,49d1e57c-02a1-4eaf-85f1-61c4535f49ca,bd7d53fd-76e2-4330-ab15-0e0a432f7b68,4,3013,2026-07-09 15:02:35.02+00,1,3.28285649513529,true
42a86d74-17b5-4a6c-9dd7-5fdc3d6f4d57,22a36f26-52b2-4681-ab9b-9cd7607701c1,74a733f1-7445-4caf-9a97-1cbec4dc73ff,bd7d53fd-76e2-4330-ab15-0e0a432f7b68,4,10582,2026-07-13 06:48:34.129+00,1,3.28285649513529,true
452ecee8-06e2-4dc7-ab02-2e7f0c64369e,911cb2d7-0602-4d89-bfb1-28e3bd4c8cc5,e6f7dc0c-60c6-4058-a6a2-3f6c161e2d6c,bd7d53fd-76e2-4330-ab15-0e0a432f7b68,4,7370,2026-07-09 15:02:18.981+00,1,3.28285649513529,true
4671ac6c-2ecb-48fe-afc2-7985f60024e2,501d7c32-5d8a-4b7a-824f-73cca1f7941a,8393a69c-4c0e-4bad-8d0d-4fabbcc93a95,bd7d53fd-76e2-4330-ab15-0e0a432f7b68,4,0,2026-06-18 10:55:04.953+00,1,3.28285649513529,true
4715de07-3878-4932-b582-4e6e752dc247,d498455c-6ce2-41c6-bdf9-3fbf549cd89c,8967275d-0ba3-421d-abd5-e5dd6d1d896a,bd7d53fd-76e2-4330-ab15-0e0a432f7b68,4,0,2026-06-18 13:26:39.023+00,1,3.28285649513529,true
47916711-e2ae-43e8-ae64-897baa319540,fd1df28f-cdf3-4328-893e-0c54bfdbedad,865200e7-0aa7-4957-9012-199dfe1b4f09,bd7d53fd-76e2-4330-ab15-0e0a432f7b68,1,0,2026-06-17 10:30:32.395+00,2,5.41305649513529,false
486c4406-2233-43ec-994e-6bfa0edfdf3f,a8bed7c9-8b5e-49be-b1f3-bf2996e00f99,8967275d-0ba3-421d-abd5-e5dd6d1d896a,bd7d53fd-76e2-4330-ab15-0e0a432f7b68,4,0,2026-06-18 10:54:54.967+00,1,3.28285649513529,true
49155370-91e0-485d-898d-06cdbc9dc34f,9f7449f6-ed91-4f64-9b07-0b78f1a95c42,b3b94c39-0e38-4959-8f0a-f36b4ff253ce,bd7d53fd-76e2-4330-ab15-0e0a432f7b68,4,0,2026-06-18 11:10:15.061+00,13,2.21775649513529,false
49a0f4fd-49bd-49e4-aff9-87baff82579e,9a6d8d6f-0a88-47e4-b787-bea954fba462,394e25fc-9591-4523-b318-b87126bc416c,bd7d53fd-76e2-4330-ab15-0e0a432f7b68,4,0,2026-06-16 14:06:23.361+00,1,3.28285649513529,false
4a034b7d-e5c2-447d-af0b-b5325f9d9597,db6d0c05-2caf-49e9-ad00-fae165abad6d,d1c17d98-1dd3-4b88-86a6-5305dd294af3,bd7d53fd-76e2-4330-ab15-0e0a432f7b68,4,5372,2026-07-10 16:01:39.997+00,1,3.28285649513529,true
4abb488a-920d-4fff-a200-c0eefcbd9b19,118864e1-c413-4813-a185-d3565c00e570,6a78d238-fe8a-4eaf-89c8-6452066a5216,bd7d53fd-76e2-4330-ab15-0e0a432f7b68,4,7976,2026-07-13 06:51:43.73+00,19,3.86402671652124,false
4c62eab1-581b-48be-852b-cf33d8f54961,75ef9d15-6376-43b4-aca3-a57e5bc806ae,16e6fe29-3c12-41db-aa65-0822f4f41e5a,bd7d53fd-76e2-4330-ab15-0e0a432f7b68,4,2116,2026-07-13 05:09:32.093+00,19,3.86402671652124,false
4ccdccdb-1f26-4ab1-a176-57b5645177a3,229bbcd0-491c-4d47-8f87-a01ab761e12c,97a561c4-b0ec-4f86-8d65-6075883cfe69,bd7d53fd-76e2-4330-ab15-0e0a432f7b68,4,0,2026-06-16 14:13:10.598+00,1,3.28285649513529,false
4d4c6a7f-2535-4622-80a0-eed302e6c7c3,775d51c4-9990-4641-bab6-57b38500a859,bb2997f4-057c-48ba-9ada-f84b70eda55d,bd7d53fd-76e2-4330-ab15-0e0a432f7b68,4,0,2026-06-16 14:07:07.777+00,1,3.28285649513529,false
4d8c8b89-3e75-43fe-9efe-7e81542706a6,0236b013-b7eb-45ce-b8b7-eeadd09e76d5,53d6ea76-b207-4b88-93ef-ac8373f9dbd8,bd7d53fd-76e2-4330-ab15-0e0a432f7b68,4,0,2026-06-15 08:34:30.895+00,10,5.1,false
4eb3f2c1-5231-4c63-8911-c056f2981449,d3e7316b-894b-4d70-bd01-e7181455fe57,6a78d238-fe8a-4eaf-89c8-6452066a5216,bd7d53fd-76e2-4330-ab15-0e0a432f7b68,4,7160,2026-07-13 06:21:02.375+00,1,3.28285649513529,true
4edb2a1c-c2da-4bf9-b284-824a72489568,9f21211d-3792-464f-a306-c3aec94bc7f3,f8a8381b-180a-428a-b933-ec5097c76f78,bd7d53fd-76e2-4330-ab15-0e0a432f7b68,4,24617,2026-07-13 06:08:14.827+00,1,3.28285649513529,true
500f839d-c9ad-4828-b796-a24a5df4bd53,767e5748-a8a2-4b0a-acac-86119bba6b95,bbd340cd-e719-4308-a346-860ecb76679d,bd7d53fd-76e2-4330-ab15-0e0a432f7b68,1,0,2026-06-17 10:29:41.508+00,2,5.41305649513529,false
5084b4b4-3bf1-4135-acad-e464d66f778a,e0c1259a-a025-4991-8137-058c58f7c431,318e04e0-365f-4c34-aaa5-02beb341a9ec,bd7d53fd-76e2-4330-ab15-0e0a432f7b68,4,2673,2026-07-07 15:47:25.755+00,1,3.28285649513529,true
51fd982f-b3e3-4c97-8662-d3ef4be082af,f7fb94c7-29d4-462f-8aba-124534a1e54a,d4a332c2-ede0-4eb5-ae5b-c658b4e8827f,bd7d53fd-76e2-4330-ab15-0e0a432f7b68,4,5247,2026-07-13 06:25:31.599+00,1,3.28285649513529,true
520ca1a6-8b00-4563-95eb-2d009dd296e0,6b6c50e1-694d-4ba3-a944-69598ac96e21,67315a79-5712-445f-9cdb-29fb9cf08065,bd7d53fd-76e2-4330-ab15-0e0a432f7b68,4,4211,2026-07-11 05:12:57.342+00,42,3.86402671652124,false
5376a658-c4f4-442c-9edd-91c364fefa03,f630a6ae-07ef-48cb-94aa-4a5ea54766db,3997bf90-f550-4edb-883c-42ce34275db2,bd7d53fd-76e2-4330-ab15-0e0a432f7b68,4,621543,2026-07-13 05:09:29.786+00,35,3.86402671652124,false
548194cf-04d8-4c32-9353-4b7ab2901467,f3d45db1-cab3-408c-b7b0-c17d50e1860d,b3b94c39-0e38-4959-8f0a-f36b4ff253ce,bd7d53fd-76e2-4330-ab15-0e0a432f7b68,4,0,2026-06-18 10:56:51.48+00,1,3.28285649513529,true
55361347-b9b5-4a04-badd-a319b89c5db2,fe1ff42f-7b83-4a68-a724-e8dc61760d27,afc363a7-18eb-4a8f-8994-272a157a83cf,bd7d53fd-76e2-4330-ab15-0e0a432f7b68,4,0,2026-06-16 14:19:43.781+00,1,3.28285649513529,false
55998b67-5ce5-4312-9286-cb37da287298,d60a7fb7-069d-4d10-9894-1ed3d658193a,bbd340cd-e719-4308-a346-860ecb76679d,bd7d53fd-76e2-4330-ab15-0e0a432f7b68,4,0,2026-06-17 13:32:58.453+00,1,4.34795649513529,false
563f94e3-373b-4309-af28-be62e24c93de,b6585e71-6e6d-49de-8dc2-4c418cb57281,74c3cc6c-671a-4207-a796-9dea99c20549,bd7d53fd-76e2-4330-ab15-0e0a432f7b68,4,0,2026-06-16 14:16:01.878+00,1,3.28285649513529,false
5cb52c97-d642-4d99-8406-85a562d2cd5f,99f0f8f1-06e0-4a18-acb4-f8d08d832e09,de57c86f-04db-4232-b022-53d316cafffd,bd7d53fd-76e2-4330-ab15-0e0a432f7b68,4,5967,2026-07-13 05:10:05.416+00,31,4.13624684821842,false
5ce918f8-8c77-4738-8582-492b2bd36026,77790965-5f36-4717-afc7-3cb07e7fa454,c37e822f-b1d7-415d-8bbf-99c75c62e35d,bd7d53fd-76e2-4330-ab15-0e0a432f7b68,4,19942,2026-07-10 15:19:53.131+00,37,3.86402671652124,false
5f3633fe-1c05-4eea-8131-890baaaa8714,048e847c-f1ec-4fc9-95bc-85cc2f1eff0c,8967275d-0ba3-421d-abd5-e5dd6d1d896a,bd7d53fd-76e2-4330-ab15-0e0a432f7b68,4,0,2026-06-18 13:15:32.322+00,4,3.8,true
608e8b1e-75db-4a3c-8ba1-7291a79e97c2,62d83bc1-fd94-4339-a184-af7e6b84be3e,c37e822f-b1d7-415d-8bbf-99c75c62e35d,bd7d53fd-76e2-4330-ab15-0e0a432f7b68,4,14920,2026-07-07 15:47:55.022+00,1,3.28285649513529,true
61140394-63b0-43e5-9ce9-66508a04d640,23c83b0c-e9b6-450d-9426-4f0a83f91e67,74a733f1-7445-4caf-9a97-1cbec4dc73ff,bd7d53fd-76e2-4330-ab15-0e0a432f7b68,4,13594,2026-07-13 06:53:53.405+00,14,3.86402671652124,false
616d1b07-e93e-4d3c-a3d7-ab1ad497d8cd,0236b013-b7eb-45ce-b8b7-eeadd09e76d5,88af00a5-4a7a-46fa-8920-97e6bd03c1cb,bd7d53fd-76e2-4330-ab15-0e0a432f7b68,4,0,2026-06-15 08:21:35.002+00,4,3.8,false
63869b63-9352-49bc-be5d-2a9d84afb1a0,89f70455-47c1-42a5-904f-cf7c3f6bf8e7,8da50ad3-175e-4c29-964e-343e30031ab8,bd7d53fd-76e2-4330-ab15-0e0a432f7b68,1,10935,2026-07-13 06:54:04.529+00,2,5.36070523652124,false
64a9b0f7-5054-4b77-839b-eb1b6c53fa32,b75f3c56-ec8c-43f8-b8f4-4ccae100d7d8,a214d69a-07d5-4b74-90a1-1a32072deaca,bd7d53fd-76e2-4330-ab15-0e0a432f7b68,4,0,2026-06-20 09:17:38.841+00,1,3.28285649513529,true
64f98054-5ad5-4395-bb6c-ed82444e9e37,d96fade3-8c3a-43df-84aa-038b37159909,16e6fe29-3c12-41db-aa65-0822f4f41e5a,bd7d53fd-76e2-4330-ab15-0e0a432f7b68,4,6456,2026-07-12 15:45:24.141+00,1,3.28285649513529,true
65e5048d-c8e1-4d16-8d9e-f6eeb96e8a6f,434b2a48-6ab7-4afb-be94-2ea496c5d494,c754f6d8-b2b9-4f66-893a-1302f21fec94,bd7d53fd-76e2-4330-ab15-0e0a432f7b68,4,0,2026-06-16 08:28:10.483+00,4,3.8,false
6810e0b1-716e-48bf-b6ea-e3e5c303fd81,983f2a3b-abff-461f-b137-27ff9a3ada23,a3272a23-216c-488b-a090-22607d9c8b8c,bd7d53fd-76e2-4330-ab15-0e0a432f7b68,4,0,2026-06-16 14:22:45.235+00,13,2.21775649513529,false
69dd08c0-73e1-4f65-8725-ccdc65e05473,0236b013-b7eb-45ce-b8b7-eeadd09e76d5,53d6ea76-b207-4b88-93ef-ac8373f9dbd8,bd7d53fd-76e2-4330-ab15-0e0a432f7b68,4,0,2026-06-15 08:20:23.819+00,4,3.8,false
6b7594c2-991d-445d-b5ee-d2ccd88b471d,89d7f5b1-cbf4-4bcb-acd3-1b3f7439c25e,b7879a74-8da7-4e40-b600-e4fb8916cf93,bd7d53fd-76e2-4330-ab15-0e0a432f7b68,4,12509,2026-07-13 06:55:01.006+00,4,4.83729106698642,false
6c6c0cd9-f2a8-494d-89c1-abff44855aeb,13cfb836-1204-4ec2-9666-87b04125e192,c37e822f-b1d7-415d-8bbf-99c75c62e35d,bd7d53fd-76e2-4330-ab15-0e0a432f7b68,4,15979,2026-07-11 05:13:28.215+00,41,3.86402671652124,false
6e8b7790-0d5a-4c06-b209-44c707b65109,ef51dbbd-9e59-499f-9628-da3f12210fce,865200e7-0aa7-4957-9012-199dfe1b4f09,bd7d53fd-76e2-4330-ab15-0e0a432f7b68,4,0,2026-06-20 10:10:44.971+00,14,4.34795649513529,false
6ebe2983-bd8d-4b81-9e8b-ce34b9ca50bf,ea29cf03-9cef-4c16-b551-aacd3ccae091,afc363a7-18eb-4a8f-8994-272a157a83cf,bd7d53fd-76e2-4330-ab15-0e0a432f7b68,4,0,2026-06-20 10:22:01.101+00,14,4.34795649513529,false
6ec521d3-9a86-442f-9750-976bde8d301c,046aaffc-f996-4f81-b55d-8c09df193a3e,0600597e-ea73-4adf-8b2e-92190b1263e6,bd7d53fd-76e2-4330-ab15-0e0a432f7b68,4,10880,2026-07-16 09:20:20.17+00,1,3.28285649513529,true
6ef9b776-9ecd-40e3-8e51-d1995455e768,97ec87ce-2fea-4ca1-a102-2eb684ee05e9,9f44c2d3-d1a9-42af-bf29-fda249188510,bd7d53fd-76e2-4330-ab15-0e0a432f7b68,4,0,2026-06-18 10:45:08.361+00,1,3.28285649513529,true
6f913656-142d-4778-aea2-976d399c80ab,204a41df-00eb-494c-9bac-4a4ba15b4b7e,8ba13575-eace-4b94-b17c-973c4af18938,bd7d53fd-76e2-4330-ab15-0e0a432f7b68,4,20162,2026-07-13 06:49:58.707+00,17,3.86402671652124,false
71d14cd7-beae-413f-a82f-2fbd5f1460b2,5b94d196-6fda-4e02-9616-2254345558f0,37680326-680b-4cbf-bf89-665f1faefaff,bd7d53fd-76e2-4330-ab15-0e0a432f7b68,4,0,2026-06-21 07:30:40.681+00,16,2.21775649513529,false
72b59c79-324a-4812-9b93-0df009ca7b0f,ee4f680c-b74a-433a-bcb1-b5001d333bdc,8da50ad3-175e-4c29-964e-343e30031ab8,bd7d53fd-76e2-4330-ab15-0e0a432f7b68,4,8641,2026-07-13 06:55:09.837+00,2,4.83729106698642,false
72ba1d61-6db0-48c4-bc81-151ddf851cc2,40547f33-8d0e-44cb-bda6-d24cab0c5b7e,cd560b8a-3029-491d-b00b-719d2f576499,bd7d53fd-76e2-4330-ab15-0e0a432f7b68,4,1838,2026-07-11 05:12:49.455+00,38,3.86402671652124,false
74dee053-f365-49cc-a359-3750dc08ecc7,24204eb9-54d6-404a-8e32-bac4a5bc2cd2,f73ce6f1-a21e-4db3-8e42-2a1f1d294c18,bd7d53fd-76e2-4330-ab15-0e0a432f7b68,4,32593,2026-07-09 14:21:53.4+00,1,3.28285649513529,true
7610c66e-ef1f-4613-a1d8-5ea88760c211,7baabad4-8610-4555-a9c3-157e506035ad,b55adcad-272d-44e3-80bf-742dc121990e,bd7d53fd-76e2-4330-ab15-0e0a432f7b68,4,0,2026-06-18 11:12:07.712+00,13,2.21775649513529,false
769925a8-dd80-4189-9022-f1a080d67899,431e91db-7f58-4e86-ae1b-a513b0f0ca49,72d0c475-e7d2-4cc5-b62d-eedffc055c51,bd7d53fd-76e2-4330-ab15-0e0a432f7b68,4,0,2026-06-20 10:22:02.071+00,11,2.21775649513529,false
77731d2a-12ff-403d-9159-5e56cbb542f1,87625f86-98a9-4979-adf5-8968012aedb5,6d89942e-c5a0-49c0-8630-d09576921e12,bd7d53fd-76e2-4330-ab15-0e0a432f7b68,4,0,2026-06-20 10:20:32.259+00,1,3.28285649513529,true
789ea5ae-64e0-4eba-b794-ba6c0343b368,4191264c-7359-4b96-ac5c-63538ec07d30,74c3cc6c-671a-4207-a796-9dea99c20549,bd7d53fd-76e2-4330-ab15-0e0a432f7b68,4,0,2026-06-17 10:31:54.224+00,18,2.21775649513529,false
7c1216a6-e9ce-4eab-a975-1ff212ab241b,c8ec59fb-d852-471a-be92-d4c5c847cdaf,96205e27-dfdb-43a3-9dfc-79e901ce5c4e,bd7d53fd-76e2-4330-ab15-0e0a432f7b68,4,0,2026-06-18 10:54:38.933+00,1,3.28285649513529,true
7db721c9-1c52-49da-acf5-20e33ae5d704,5cc894f6-4489-4629-85df-8f02bf334bb9,080f6581-7be5-43cf-b536-90f55bb46fcb,bd7d53fd-76e2-4330-ab15-0e0a432f7b68,4,0,2026-06-21 06:25:33.54+00,1,3.28285649513529,true
7deb6a2e-985b-4241-9507-601a82fe1b21,8340f852-ca81-4346-801b-b9a9cac86135,865200e7-0aa7-4957-9012-199dfe1b4f09,bd7d53fd-76e2-4330-ab15-0e0a432f7b68,4,0,2026-06-18 13:26:40.949+00,1,3.28285649513529,true
7e02f021-5148-453e-b3c2-ff2d90bb8772,d808a61f-8107-450e-84cc-17ac9e3297d7,ef100028-e87a-482f-9244-1386e50a00ff,bd7d53fd-76e2-4330-ab15-0e0a432f7b68,4,0,2026-06-18 10:45:32.923+00,1,3.28285649513529,true
7e2bd429-58a3-423f-826e-7592feb65c54,ff0b51ee-f4f4-4dd3-9b9d-a3542f681557,0600597e-ea73-4adf-8b2e-92190b1263e6,bd7d53fd-76e2-4330-ab15-0e0a432f7b68,4,4285,2026-07-13 06:25:36.074+00,1,3.28285649513529,true
7e37f463-22cc-45d6-be34-1edcfad54e3a,15b7edee-eee7-4968-88e6-37d4e9efa181,2de81bd4-d99a-4e30-bb14-23da07c93983,bd7d53fd-76e2-4330-ab15-0e0a432f7b68,4,0,2026-06-16 14:09:31.816+00,1,3.28285649513529,false
80be98e8-0087-4563-a7ae-185bd33f183a,1c25d593-bfb1-4acf-9d84-ad01329c338f,0cc79915-547c-4a42-aa4f-88b730984d5f,bd7d53fd-76e2-4330-ab15-0e0a432f7b68,4,0,2026-06-21 09:29:16.526+00,12,1.15265649513529,false
820476d6-f91d-445c-a950-d3796b287fe5,70c9bdce-0d11-4bf2-a203-153b9a09c6ed,2de81bd4-d99a-4e30-bb14-23da07c93983,bd7d53fd-76e2-4330-ab15-0e0a432f7b68,4,0,2026-06-18 13:26:42.344+00,1,3.28285649513529,true
8261efe0-1a51-4e3d-b2c4-bb843baf217d,881c6cf0-f924-4250-8f82-48d17652ef76,85325f44-d03f-47a4-a1e6-56e1d4411231,bd7d53fd-76e2-4330-ab15-0e0a432f7b68,4,41122,2026-07-12 15:44:44.011+00,1,3.28285649513529,true
869c20b4-939d-4fe1-9b2a-b1054255acc4,b34ae5db-8ff0-487e-bbaa-8f49774003ce,a214d69a-07d5-4b74-90a1-1a32072deaca,bd7d53fd-76e2-4330-ab15-0e0a432f7b68,4,0,2026-06-20 10:11:55.567+00,1,3.28285649513529,true
8820729f-d708-4a14-96fe-610f55460838,a4906238-770a-4ac7-b93b-3ca645e85dc9,8293ddb1-56bc-4324-96f2-6b1e547ead96,bd7d53fd-76e2-4330-ab15-0e0a432f7b68,4,0,2026-06-18 11:12:17.843+00,13,2.21775649513529,false
88438a43-b83b-4856-8003-89a37778492c,6f0dcc17-1992-405c-96f9-072d5fd4638e,39778547-f5a1-424e-bcc4-b250744d42cd,bd7d53fd-76e2-4330-ab15-0e0a432f7b68,4,6400,2026-07-13 06:10:15.704+00,1,3.28285649513529,true
886ba234-60ae-43c1-be84-503efcc2084a,3b9117a0-734a-4122-860e-ab02ef72c237,a214d69a-07d5-4b74-90a1-1a32072deaca,bd7d53fd-76e2-4330-ab15-0e0a432f7b68,4,0,2026-06-20 10:12:04.126+00,16,2.21775649513529,false
8883257c-2240-4e2f-af85-59b2aba74cbd,60199964-b6db-446b-8ba7-a9af18cc719c,7d22a50d-c431-4bb5-ad88-8cd1a49be53f,bd7d53fd-76e2-4330-ab15-0e0a432f7b68,4,0,2026-06-16 14:20:20.059+00,1,3.28285649513529,false
8a21baa5-5df8-48b5-ac11-fa1c2fad23c7,72481899-3ed7-4807-a55b-f837a0cb0589,cd8eb3e1-acea-4a15-aa3b-a435cd0cf3ad,bd7d53fd-76e2-4330-ab15-0e0a432f7b68,4,0,2026-06-16 14:07:12.226+00,1,3.28285649513529,false
8b039ba0-9b91-4e10-a176-34121dc508c1,0cbc3c05-8892-4a2d-a186-d669873793d7,b7879a74-8da7-4e40-b600-e4fb8916cf93,bd7d53fd-76e2-4330-ab15-0e0a432f7b68,1,24574,2026-07-13 06:53:39.622+00,4,5.36070523652124,false
8c034876-ba23-45ce-abf4-4c3be513f616,19d1436e-6fd4-40fd-918c-0ee632137b8f,5fa5aa70-03c1-4d43-838c-d2927efef28c,bd7d53fd-76e2-4330-ab15-0e0a432f7b68,4,0,2026-06-18 11:11:14.465+00,13,2.21775649513529,false
8f16c638-852d-4e87-b80d-8eba98ffba88,876ac992-8964-4036-9eb7-6af0113919b8,abd3e192-a5ac-43d9-8710-cff3684b630f,bd7d53fd-76e2-4330-ab15-0e0a432f7b68,4,0,2026-06-16 14:10:24.12+00,1,3.28285649513529,false
8f3ae7ea-7357-4b3c-8935-bcb9cdaf449a,95788c75-036d-4443-b432-7eb42126aadf,13e955a9-0a00-4b67-b127-d46463eae697,bd7d53fd-76e2-4330-ab15-0e0a432f7b68,4,10405,2026-07-16 06:22:08.713+00,61,3.86402671652124,false
9012114b-2f31-4a9b-8a70-0ab4f75302e2,82b10f4d-1b2c-427a-ac62-47e528b120c0,de57c86f-04db-4232-b022-53d316cafffd,bd7d53fd-76e2-4330-ab15-0e0a432f7b68,4,11617,2026-07-13 05:09:59.26+00,31,3.86402671652124,false
90765a19-356a-4c61-a8d5-3c3e2bea7c31,2cf76a5f-4d61-429b-b5fe-8637c202d1f6,39778547-f5a1-424e-bcc4-b250744d42cd,bd7d53fd-76e2-4330-ab15-0e0a432f7b68,4,4355,2026-07-13 06:51:23.432+00,17,3.86402671652124,false
9088359b-65f6-4f16-9d32-1ef1c8025da9,3b2e79d0-c85d-47d5-9800-f911827fcdcf,9cd00f96-8779-4acb-b268-90248d5e3b16,bd7d53fd-76e2-4330-ab15-0e0a432f7b68,4,0,2026-06-20 10:20:37.187+00,16,2.21775649513529,false
92b974e2-bc15-400c-ad7a-33b11f8d1335,689dd86c-4cb2-4943-89f8-bb9fcd0a2e1d,aa4938a5-20ec-4beb-90d3-6abbd72010a7,bd7d53fd-76e2-4330-ab15-0e0a432f7b68,4,0,2026-06-18 10:47:48.335+00,1,3.28285649513529,true
92eed823-eb8c-4764-8eaf-2355bfbc5351,b626b71e-b584-460b-ab52-9a551b590ec5,2de81bd4-d99a-4e30-bb14-23da07c93983,bd7d53fd-76e2-4330-ab15-0e0a432f7b68,4,0,2026-06-16 08:49:20.401+00,4,3.8,false
93be0e55-a800-4cae-9676-1900418cf278,b465b237-e435-42c9-b18a-4a19373c2eaa,3997bf90-f550-4edb-883c-42ce34275db2,bd7d53fd-76e2-4330-ab15-0e0a432f7b68,4,7271,2026-07-12 13:28:05.568+00,33,3.86402671652124,false
952be8eb-23fe-4579-b8df-ce77399f922b,8ae318d0-2e30-4e55-ac2c-9867292ec536,4a93529c-aeee-4d83-aa9e-3f6acaf0fd04,bd7d53fd-76e2-4330-ab15-0e0a432f7b68,4,8847,2026-07-13 06:50:07.74+00,13,3.86402671652124,false
956c00e8-017c-49e3-b1a5-d702a16be90d,36ea07a2-7d88-4d93-8744-389c5a74f7d2,9cd00f96-8779-4acb-b268-90248d5e3b16,bd7d53fd-76e2-4330-ab15-0e0a432f7b68,4,0,2026-06-16 14:07:24.44+00,1,3.28285649513529,false
9638ca40-bba9-47e1-a6b7-8785ac2d56e0,9089c54e-d314-4a09-81ca-965d36ec442b,a616a18b-3dc1-480d-ba32-0e13724d267f,bd7d53fd-76e2-4330-ab15-0e0a432f7b68,4,0,2026-06-18 10:53:48.681+00,1,3.28285649513529,true
9a098fb7-2f04-4de2-8949-948cfc189bac,636e10b8-4076-4f49-8fd5-31120e7a9e6a,080f6581-7be5-43cf-b536-90f55bb46fcb,bd7d53fd-76e2-4330-ab15-0e0a432f7b68,4,0,2026-06-21 09:27:37.073+00,12,1.15265649513529,false
9d0d004f-1cca-468c-9c36-3274d0f07eae,9d6c646f-3c8b-4ffe-a3d8-d7ffedd35d0e,8978790f-a3d9-4bcc-a5b6-ec649ebf54e2,bd7d53fd-76e2-4330-ab15-0e0a432f7b68,4,10256,2026-07-13 06:07:50.021+00,1,3.28285649513529,true
9f910ef1-f460-4d1c-92b2-3829101dfd07,05956317-60f2-4ad6-8bbd-d58c7ebe319e,7d1e8e9e-9966-451f-ad18-f187043ee3d1,bd7d53fd-76e2-4330-ab15-0e0a432f7b68,4,15036,2026-07-13 06:21:17.6+00,1,3.28285649513529,true
a19ca0e1-f22a-4a08-acb4-2a465b1c3a13,d86ffa68-c12b-44b5-89e0-a500e7df110f,bb2997f4-057c-48ba-9ada-f84b70eda55d,bd7d53fd-76e2-4330-ab15-0e0a432f7b68,4,0,2026-06-17 10:28:49.546+00,18,2.21775649513529,false
a24500b0-7d13-47d3-ae62-c377e0af2077,792d6d77-9724-49f2-82b2-d9ac89ecf227,13e955a9-0a00-4b67-b127-d46463eae697,bd7d53fd-76e2-4330-ab15-0e0a432f7b68,4,33483,2026-07-12 15:01:06.067+00,31,3.86402671652124,false
a41a155c-3b92-4904-a5c8-ca915d6e71aa,5a9acf4b-1ae6-4584-99d7-66658bd2bbb3,a29a86d1-6e4f-4f9e-9bc3-2df90404a3da,bd7d53fd-76e2-4330-ab15-0e0a432f7b68,4,9454,2026-07-11 05:13:09.994+00,42,3.86402671652124,false
a59c3805-f2b8-4dc9-9fa9-20f52aed2965,35f8d03f-a04f-464a-9731-d7cec49e3686,15c0f362-e66c-48f1-9a0b-c8d8b1243fec,bd7d53fd-76e2-4330-ab15-0e0a432f7b68,4,1777,2026-07-11 05:13:12.013+00,42,3.86402671652124,false
a5cfcc19-5da3-4b6e-9352-46dac51f08f2,49654c29-b3a9-442c-99c6-42a3c6db7722,13e955a9-0a00-4b67-b127-d46463eae697,bd7d53fd-76e2-4330-ab15-0e0a432f7b68,4,79370,2026-07-10 16:02:59.556+00,1,3.28285649513529,true
a5f0db6a-4ff2-482a-9db4-19cda7554149,c4b29335-41c9-4875-b625-4cdb6a836d16,72d0c475-e7d2-4cc5-b62d-eedffc055c51,bd7d53fd-76e2-4330-ab15-0e0a432f7b68,4,0,2026-06-20 10:20:28.145+00,1,3.28285649513529,true
a786b191-3250-4d6d-9740-9187655d4062,0236b013-b7eb-45ce-b8b7-eeadd09e76d5,c020c97c-42e8-4952-9964-0abeeb017264,bd7d53fd-76e2-4330-ab15-0e0a432f7b68,1,0,2026-06-13 07:04:04.718+00,1,3.6,false
a7c32a02-2a3a-4448-b2b4-de53876160ad,007860c1-fffb-450c-8d6b-d256f38b10a8,15c0f362-e66c-48f1-9a0b-c8d8b1243fec,bd7d53fd-76e2-4330-ab15-0e0a432f7b68,4,10250,2026-07-07 15:06:23.683+00,1,3.28285649513529,true
a83a6789-eebf-4333-8b90-7955d3314c9d,5f3898cd-ffd0-420a-ac5b-c433d511b039,de57c86f-04db-4232-b022-53d316cafffd,bd7d53fd-76e2-4330-ab15-0e0a432f7b68,4,16171,2026-07-10 15:56:03.222+00,1,3.28285649513529,true
aa9a32d9-d46e-4993-810b-138248ed7d8a,98e44227-24cd-4022-ab49-eab4741c2f88,b7879a74-8da7-4e40-b600-e4fb8916cf93,bd7d53fd-76e2-4330-ab15-0e0a432f7b68,4,8451,2026-07-13 06:47:26.082+00,1,3.28285649513529,true
aaf1f4ee-672f-45e8-875b-c69927a0dd13,5ba89493-1598-43e1-9e75-a7aa9606ac16,97a561c4-b0ec-4f86-8d65-6075883cfe69,bd7d53fd-76e2-4330-ab15-0e0a432f7b68,4,0,2026-06-17 10:30:28.302+00,18,2.21775649513529,false
ab72848f-cc50-4545-8822-e49c6df97f17,398f039d-fe86-4115-93c9-8364be651cd0,85325f44-d03f-47a4-a1e6-56e1d4411231,bd7d53fd-76e2-4330-ab15-0e0a432f7b68,4,10177,2026-07-13 05:10:29.374+00,22,3.86402671652124,false
abc38bec-4011-41e2-b8e1-e99211f09cb8,b1958657-fcf2-4ef9-975a-89210575c1ff,c754f6d8-b2b9-4f66-893a-1302f21fec94,bd7d53fd-76e2-4330-ab15-0e0a432f7b68,4,0,2026-06-17 10:31:34.554+00,18,2.21775649513529,false
ad07cba7-e079-4106-b0eb-3ff4675fddfe,5b026b91-e365-4697-b3f0-e0eea9c79eda,494e6bc8-936c-4dd6-947a-89bdbe5f152b,bd7d53fd-76e2-4330-ab15-0e0a432f7b68,4,0,2026-06-21 13:03:15.388+00,1,3.28285649513529,true
af6181d3-315f-4f00-8021-08931a63b260,add8afb4-816c-4864-a3bf-505ebcff8d74,7d22a50d-c431-4bb5-ad88-8cd1a49be53f,bd7d53fd-76e2-4330-ab15-0e0a432f7b68,1,0,2026-06-17 10:32:05.115+00,2,5.41305649513529,false
aff6a393-754c-40f4-b6fb-481f94da6b37,e41afefe-9c4b-44b8-a782-d4f8a519eef5,ef100028-e87a-482f-9244-1386e50a00ff,bd7d53fd-76e2-4330-ab15-0e0a432f7b68,4,0,2026-06-18 11:11:19.873+00,13,2.21775649513529,false
b255dafc-c707-4516-9ca8-76c9bcdbde77,1058bc29-a598-4ad0-b93e-c54babbd0862,97a561c4-b0ec-4f86-8d65-6075883cfe69,bd7d53fd-76e2-4330-ab15-0e0a432f7b68,4,0,2026-06-18 13:26:40.03+00,1,3.28285649513529,true
b3baf6f5-e505-4e6c-a514-2b9060b6a598,f5c403c0-7dfc-44df-aa1d-d043b5c91bf7,b55adcad-272d-44e3-80bf-742dc121990e,bd7d53fd-76e2-4330-ab15-0e0a432f7b68,4,0,2026-06-18 10:56:58.781+00,1,3.28285649513529,true
b4858289-1e36-4387-9fef-031d06085ab5,29c2a88c-9ff7-4b55-9196-f3040f2721f6,8967275d-0ba3-421d-abd5-e5dd6d1d896a,bd7d53fd-76e2-4330-ab15-0e0a432f7b68,4,0,2026-06-18 11:10:57.533+00,13,2.21775649513529,false
b8c8be27-6bb4-488f-b9a2-b04065773ce1,29b5c19c-c7c6-4519-9a8e-dcd4a7e7ff93,4a93529c-aeee-4d83-aa9e-3f6acaf0fd04,bd7d53fd-76e2-4330-ab15-0e0a432f7b68,4,5620,2026-07-13 05:42:47.906+00,1,3.28285649513529,true
b8f72af1-2eac-4e47-b75e-426df14b0ec5,177f3ef8-9e40-404b-91d7-de9279135d83,3997bf90-f550-4edb-883c-42ce34275db2,bd7d53fd-76e2-4330-ab15-0e0a432f7b68,1,9128,2026-07-12 07:48:24.705+00,3,5.36070523652124,false
bac4d03f-26ed-457d-8644-b2dae2f72c7c,816c800b-d178-4494-9531-2126ee3c90bd,f73ce6f1-a21e-4db3-8e42-2a1f1d294c18,bd7d53fd-76e2-4330-ab15-0e0a432f7b68,4,2872,2026-07-11 05:13:31.34+00,29,3.86402671652124,false
bcc001a5-26d1-4546-aa8d-1d33b6a5b5ba,440f8395-48e2-4d56-b42d-0faedd5c56d3,318e04e0-365f-4c34-aaa5-02beb341a9ec,bd7d53fd-76e2-4330-ab15-0e0a432f7b68,4,2729,2026-07-11 05:13:00.301+00,39,3.86402671652124,false
bd757091-bdf0-426e-a497-04ddfe68b1cd,21134527-4043-49c2-98b7-c36466f7e8fe,d4a332c2-ede0-4eb5-ae5b-c658b4e8827f,bd7d53fd-76e2-4330-ab15-0e0a432f7b68,1,10523,2026-07-13 06:52:48.359+00,3,5.36070523652124,false
bd87f7d4-3013-4012-b459-f36b7d93bade,46840ecd-2bed-4cb2-85f4-a1699285b871,249e6e24-76fd-42a6-a6ba-c4b3c7bc942a,bd7d53fd-76e2-4330-ab15-0e0a432f7b68,4,0,2026-07-04 10:37:35.158+00,28,3.86402671652124,false
be5c5172-54fc-4822-b5b4-afbfd01658fe,58eff185-da40-453a-bbd1-c793a82848e9,865200e7-0aa7-4957-9012-199dfe1b4f09,bd7d53fd-76e2-4330-ab15-0e0a432f7b68,4,0,2026-06-16 14:13:15.502+00,1,3.28285649513529,false
c276cc7c-dc52-4eca-b60b-367c5b0f27b0,73afec5c-e643-43b9-a4c7-2feeed2e7338,339757cd-8e9f-4371-a977-3450c22a3448,bd7d53fd-76e2-4330-ab15-0e0a432f7b68,4,0,2026-06-18 11:10:20.305+00,18,2.21775649513529,false
c3800278-f230-4fc1-b47c-f706e27a97de,b6118da8-8f5d-4884-b0a5-0ca96704d364,67315a79-5712-445f-9cdb-29fb9cf08065,bd7d53fd-76e2-4330-ab15-0e0a432f7b68,4,10000,2026-07-07 15:49:17.163+00,1,3.28285649513529,true
c3f8700a-14db-477a-8ec7-36b59bc0d99d,0d746ac3-f9fd-4151-8e23-918eee66b572,15476e93-b9f4-4e9c-ac3e-98d592fcd602,bd7d53fd-76e2-4330-ab15-0e0a432f7b68,4,21122,2026-07-13 06:50:29.052+00,15,3.86402671652124,false
c8061300-de19-476f-8fbf-5fbffa012469,8d2cc71f-42ec-4627-96f9-0131951d4e0a,25d399cb-df63-498e-8977-4d097aaae919,bd7d53fd-76e2-4330-ab15-0e0a432f7b68,4,0,2026-06-16 14:23:22.599+00,13,2.21775649513529,false
ca51b980-d3cb-441f-b1c1-40329389f6d1,f360600a-a1e6-40ec-8c63-ee2b4925607a,2de81bd4-d99a-4e30-bb14-23da07c93983,bd7d53fd-76e2-4330-ab15-0e0a432f7b68,4,0,2026-06-17 10:30:19.595+00,18,2.21775649513529,false
cbb08fa3-8033-4307-a3c1-06b4401163a2,0236b013-b7eb-45ce-b8b7-eeadd09e76d5,27591fd2-5d3e-4add-8d4f-75b65a62c092,bd7d53fd-76e2-4330-ab15-0e0a432f7b68,4,0,2026-06-15 08:21:22.525+00,4,3.8,false
cd0a18a3-6f31-4ef7-9bca-21f0ec4f405f,75c4110a-c702-4d2b-bc3d-1b50e8f54cf0,92118679-5cda-4db5-848c-f7a083451208,bd7d53fd-76e2-4330-ab15-0e0a432f7b68,4,11845,2026-07-13 06:53:14.861+00,13,3.86402671652124,false
cd676982-398a-4113-afd3-ab6bbc3dc693,c1d8e387-534d-4669-88bb-b35de43e5f75,7762e5d6-597e-4f4c-9b66-de59b83dded3,bd7d53fd-76e2-4330-ab15-0e0a432f7b68,4,5813,2026-07-13 16:20:15.192+00,1,3.28285649513529,true
cd9ee36e-138d-4d8a-ba82-4f1315c9c442,4cd88967-b21c-4fce-b28e-ec106ba0ef95,249e6e24-76fd-42a6-a6ba-c4b3c7bc942a,bd7d53fd-76e2-4330-ab15-0e0a432f7b68,4,0,2026-07-02 15:04:54.047+00,1,3.28285649513529,true
cdaa52bb-bb6a-4087-816d-5727f9c8e231,5628a5eb-27a4-4401-a287-2133b7693c0e,4b2cc16e-1c0b-4d07-9199-e3e636bdb9fb,bd7d53fd-76e2-4330-ab15-0e0a432f7b68,4,0,2026-06-16 14:12:14.181+00,1,3.28285649513529,false
cf85eee3-faa7-4c7d-a891-05d05660ea17,2cbd9bc7-85e8-40df-b171-2aa2a94f3087,e6f7dc0c-60c6-4058-a6a2-3f6c161e2d6c,bd7d53fd-76e2-4330-ab15-0e0a432f7b68,4,31422,2026-07-10 15:18:47.136+00,26,3.86402671652124,false
d0b42567-88b7-4f50-9994-a5cc60c35208,89c98926-eca6-47a1-bebf-344fdabddb9e,a616a18b-3dc1-480d-ba32-0e13724d267f,bd7d53fd-76e2-4330-ab15-0e0a432f7b68,4,0,2026-06-18 11:11:58.326+00,13,2.21775649513529,false
d3248f89-3250-45d4-9ca5-71112b442c03,2ad94a6d-733b-4b00-91a7-5bac748caa40,cd560b8a-3029-491d-b00b-719d2f576499,bd7d53fd-76e2-4330-ab15-0e0a432f7b68,4,4788,2026-07-10 15:18:52.109+00,34,3.86402671652124,false
d447a0a0-7840-4f4c-a751-b22bb27a972f,07e555e9-5144-4e17-b95f-dacb6fbb0d04,080f6581-7be5-43cf-b536-90f55bb46fcb,bd7d53fd-76e2-4330-ab15-0e0a432f7b68,4,0,2026-06-21 07:24:42.286+00,16,2.21775649513529,false
d5ef5beb-5ef8-4c23-bfdd-574460c45e8a,5bfe4587-5022-42ce-ad93-47b5b879aacc,13e955a9-0a00-4b67-b127-d46463eae697,bd7d53fd-76e2-4330-ab15-0e0a432f7b68,4,12295,2026-07-12 07:48:52.963+00,29,3.86402671652124,false
d6732fe7-bdec-48f6-9f41-f50fadecd39e,246bc18e-7572-49cf-8615-4024939f1ea6,57f69a4f-4185-4bf2-872c-e68dda512d74,bd7d53fd-76e2-4330-ab15-0e0a432f7b68,4,0,2026-06-21 06:26:15.851+00,1,3.28285649513529,true
d72f13ca-8354-4340-b3fa-530062669669,e0dc539f-7e2f-4d3a-8174-9d1841fc8f33,9cd00f96-8779-4acb-b268-90248d5e3b16,bd7d53fd-76e2-4330-ab15-0e0a432f7b68,4,0,2026-06-16 14:22:19.553+00,13,2.21775649513529,false
d771a9d1-79ad-4e6c-83be-f1e28542bdab,6c7d15b7-fd3a-411a-b2c4-3b9b97f38cd5,37680326-680b-4cbf-bf89-665f1faefaff,bd7d53fd-76e2-4330-ab15-0e0a432f7b68,4,0,2026-06-21 09:29:40.733+00,12,1.15265649513529,false
d773c8a1-9074-4abb-ace1-7c32548f0c6b,1dcc36fd-84a1-4caa-a640-32dac922061d,a29a86d1-6e4f-4f9e-9bc3-2df90404a3da,bd7d53fd-76e2-4330-ab15-0e0a432f7b68,4,13579,2026-07-10 15:19:29.432+00,38,3.86402671652124,false
d7946709-3416-4eba-a263-6151c975603e,5ae62623-6c28-4cc4-a0d3-9c35f23dd79c,2a2248c6-dfed-466e-822a-19cf567b9392,bd7d53fd-76e2-4330-ab15-0e0a432f7b68,4,13402,2026-07-13 05:10:19.006+00,18,3.86402671652124,false
d7be528d-18e9-4dee-acf6-7d6a861b5f72,c79446d1-c637-44b3-9d4d-3e9b5a95f5ff,d1c17d98-1dd3-4b88-86a6-5305dd294af3,bd7d53fd-76e2-4330-ab15-0e0a432f7b68,4,5290,2026-07-13 05:09:47.45+00,32,3.86402671652124,false
da3791b4-fe68-416b-a359-1b464b23a61f,5965714d-1aff-4f8e-bc23-48b73da0f2cf,a29a86d1-6e4f-4f9e-9bc3-2df90404a3da,bd7d53fd-76e2-4330-ab15-0e0a432f7b68,4,10928,2026-07-07 15:49:28.28+00,1,3.28285649513529,true
da6f73c6-dcb9-49e3-bb58-5b0dbe65ff80,a2ac19bb-2365-4dd8-ac3b-90dc480dbac5,49d1e57c-02a1-4eaf-85f1-61c4535f49ca,bd7d53fd-76e2-4330-ab15-0e0a432f7b68,4,4149,2026-07-10 10:17:51.534+00,25,3.86402671652124,false
dc0f8489-53b8-49df-8153-bd2038d5db62,2b5798b2-a1f4-4955-9c7c-13331309a5c3,1bb0244a-c939-439c-a2a4-b422e808c7af,bd7d53fd-76e2-4330-ab15-0e0a432f7b68,4,5519,2026-07-13 06:49:12.903+00,1,3.28285649513529,true
dc353663-d8fb-444a-a4c9-2b08a623d09f,328e0594-f0e9-41a2-a65e-08fc5b79654d,7d22a50d-c431-4bb5-ad88-8cd1a49be53f,bd7d53fd-76e2-4330-ab15-0e0a432f7b68,4,0,2026-06-20 10:22:01.59+00,14,4.34795649513529,false
dc778690-4f25-40c5-9d66-f4bf90d17a5a,d44ad73d-5289-40f1-b0c6-9b1656217c9f,aa4d1d20-761a-4cc4-8052-ee06dccc723a,bd7d53fd-76e2-4330-ab15-0e0a432f7b68,4,0,2026-06-20 10:20:31.589+00,1,3.28285649513529,true
dcf712e8-0901-47c9-bf21-98158e130837,8f4458c8-5e5f-4845-a28a-a2bd74f26e25,25d399cb-df63-498e-8977-4d097aaae919,bd7d53fd-76e2-4330-ab15-0e0a432f7b68,4,0,2026-06-16 14:14:52.595+00,1,3.28285649513529,false
dde33e82-c6a0-4304-886a-5f73aaa3374d,d20c353b-0c4b-4d42-a0c1-8c3eb6ed2616,de57c86f-04db-4232-b022-53d316cafffd,bd7d53fd-76e2-4330-ab15-0e0a432f7b68,4,15560,2026-07-12 07:48:40.467+00,27,3.86402671652124,false
dde998e2-2427-4482-ab2c-ce896c61427f,5c7c3273-8abb-4c81-82b3-3fc99012d983,67315a79-5712-445f-9cdb-29fb9cf08065,bd7d53fd-76e2-4330-ab15-0e0a432f7b68,4,5999,2026-07-10 15:19:04.66+00,38,3.86402671652124,false
de1d8226-8714-483b-9b2e-43cdd2e2e885,45636f1d-8ca8-4942-8f02-bdb2d006c516,abd3e192-a5ac-43d9-8710-cff3684b630f,bd7d53fd-76e2-4330-ab15-0e0a432f7b68,4,0,2026-06-17 10:29:31.229+00,18,2.21775649513529,false
de7bb639-c032-4b2a-91e0-0b33a5f12e3a,12adc61c-ce40-4d67-a4fc-10c71bee46d5,8da50ad3-175e-4c29-964e-343e30031ab8,bd7d53fd-76e2-4330-ab15-0e0a432f7b68,4,3752,2026-07-13 06:49:07.195+00,1,3.28285649513529,true
df0b2227-4f92-4640-b093-6f0ad78cbdb5,8a9fed23-90c3-4000-9dd8-eab24218cd9e,b25f995e-92fc-486a-ad67-bc891ca3e370,bd7d53fd-76e2-4330-ab15-0e0a432f7b68,4,24669,2026-07-10 15:20:21.562+00,39,3.86402671652124,false
e334781b-6d32-4e85-b419-da60c49b34bc,48c1e643-dd42-493d-bacc-35bc39df3ebf,318e04e0-365f-4c34-aaa5-02beb341a9ec,bd7d53fd-76e2-4330-ab15-0e0a432f7b68,4,10822,2026-07-10 15:19:15.666+00,35,3.86402671652124,false
e3599c18-6635-48f3-8e42-d9a57ce4c6a3,dcac3e3c-743e-488c-83b4-34d5fc41573e,b25f995e-92fc-486a-ad67-bc891ca3e370,bd7d53fd-76e2-4330-ab15-0e0a432f7b68,4,8582,2026-07-07 15:48:03.794+00,1,3.28285649513529,true
e3fadfcd-6f3a-45ac-b8ea-8c0777204bfd,ac5ba7eb-ea50-42a3-9836-4c7251d359e3,3997bf90-f550-4edb-883c-42ce34275db2,bd7d53fd-76e2-4330-ab15-0e0a432f7b68,4,5057,2026-07-16 06:22:25.835+00,58,3.86402671652124,false
e44a52bf-f96e-44db-b280-596137f189cd,7feba88e-6bf3-47f6-b620-e27ec73ac431,d1c17d98-1dd3-4b88-86a6-5305dd294af3,bd7d53fd-76e2-4330-ab15-0e0a432f7b68,4,11682,2026-07-16 06:22:20.586+00,55,3.86402671652124,false
e4c28e41-4678-4ab3-b5a0-745a8b412dc9,01af3622-85d8-44a8-9812-20f705212cfd,15c0f362-e66c-48f1-9a0b-c8d8b1243fec,bd7d53fd-76e2-4330-ab15-0e0a432f7b68,4,3381,2026-07-10 15:19:33.002+00,38,3.86402671652124,false
e570d14a-da8a-4a32-9310-ee68e4f98cd6,91089d20-0c00-4d44-8cf0-70514bca63a4,96205e27-dfdb-43a3-9dfc-79e901ce5c4e,bd7d53fd-76e2-4330-ab15-0e0a432f7b68,4,0,2026-06-18 11:10:28.759+00,13,2.21775649513529,false
e58f764e-3846-4e43-8dd2-934372529efd,fa28c8a6-7a2f-4b2c-8057-e40bebab98ae,96edf309-234f-489f-a7ac-447b435658f9,bd7d53fd-76e2-4330-ab15-0e0a432f7b68,4,0,2026-06-17 10:29:52.491+00,18,2.21775649513529,false
e5f0c1fd-b4f8-4df0-8e24-ebc050eeeb86,c375f7cb-9f92-47e0-997e-21e16cc6dc9e,72d0c475-e7d2-4cc5-b62d-eedffc055c51,bd7d53fd-76e2-4330-ab15-0e0a432f7b68,4,0,2026-06-20 10:09:31.001+00,1,3.28285649513529,true
e72cedfd-8d85-46e8-943e-823ff88993e9,95494f6d-0d36-4634-af0e-ed2c720f0915,dc681701-3f03-4621-b632-accee9d3c959,bd7d53fd-76e2-4330-ab15-0e0a432f7b68,4,11479,2026-07-13 06:49:24.572+00,1,3.28285649513529,true
e7a928e8-7759-4d9c-b5ca-ca377d9b5aba,7cae7495-ba25-4382-bafa-8a59c59db941,0cc79915-547c-4a42-aa4f-88b730984d5f,bd7d53fd-76e2-4330-ab15-0e0a432f7b68,4,0,2026-06-21 07:30:25.88+00,16,2.21775649513529,false
e89eee0b-e73a-416a-bfa2-be1ff7241bf7,6e177d7d-4704-4f19-8761-abafc0071c73,d25fc2c8-e7fa-4ce5-bcbc-8164c5565e72,bd7d53fd-76e2-4330-ab15-0e0a432f7b68,1,0,2026-06-17 10:31:22.583+00,2,5.41305649513529,false
e8b96ce3-591c-425d-85ca-9ba7594b278f,70883742-2f07-4aa8-87cc-d97d49afd381,5ba5db7a-581b-4822-8f50-5f091a590806,bd7d53fd-76e2-4330-ab15-0e0a432f7b68,4,4714,2026-07-13 16:19:58.71+00,1,3.28285649513529,true
ea30bd33-6500-4dec-a26f-0e40afa84835,f007c0f4-139b-4aca-8809-dfd7afaf8285,cca4cc90-cfa0-4f22-88e1-a9af0f5ee4ca,bd7d53fd-76e2-4330-ab15-0e0a432f7b68,4,0,2026-06-21 09:26:49.444+00,12,2.21775649513529,false
ec0ed0c8-eb24-4824-b53b-84dcef8ed64d,e1cad35f-fbeb-4459-96d4-a0586b28f2ea,9cd00f96-8779-4acb-b268-90248d5e3b16,bd7d53fd-76e2-4330-ab15-0e0a432f7b68,4,0,2026-06-20 10:20:30.209+00,1,3.28285649513529,true
edef0177-f9e6-470f-a13a-d0d72174259d,708c99cf-3059-4f08-8d7f-490014d34945,8978790f-a3d9-4bcc-a5b6-ec649ebf54e2,bd7d53fd-76e2-4330-ab15-0e0a432f7b68,4,11942,2026-07-13 06:51:35.565+00,14,3.86402671652124,false
f03baae9-4154-428c-aa96-728839e42a5f,9215da86-7812-482f-9fdd-ad496878f573,d25fc2c8-e7fa-4ce5-bcbc-8164c5565e72,bd7d53fd-76e2-4330-ab15-0e0a432f7b68,4,0,2026-06-16 14:18:53.789+00,1,3.28285649513529,false
f0b084bf-f606-411e-ae9a-adfe0e60801f,de54e0cb-1f7c-499b-a65e-b891b0cf253e,f5eac90f-55c6-42a5-a759-05b334614626,bd7d53fd-76e2-4330-ab15-0e0a432f7b68,4,0,2026-06-21 06:28:14.76+00,1,3.28285649513529,true
f1cffaa1-158b-44b2-a9ce-ff133ecec9de,3018501f-d8a4-408e-847e-92bdeda35f25,a8932484-2f6f-4638-aea2-df853dc57708,bd7d53fd-76e2-4330-ab15-0e0a432f7b68,4,31903,2026-07-13 06:10:02.424+00,1,3.28285649513529,true
f38812f4-56be-48ae-b0b6-730e41b0df95,cf313e79-336c-4609-849e-e67f8978620a,bbd340cd-e719-4308-a346-860ecb76679d,bd7d53fd-76e2-4330-ab15-0e0a432f7b68,4,0,2026-06-18 11:10:43.366+00,8,3.28285649513529,false
f3eed1c5-e5f8-4505-a19f-b7169386837d,18194b27-c42c-4f9f-b35a-8bfa93a13fad,50035626-1fee-42ac-8f04-a5c5a2281c1a,bd7d53fd-76e2-4330-ab15-0e0a432f7b68,4,0,2026-06-17 10:29:59.469+00,18,2.21775649513529,false
f52d6351-b82f-495d-ac10-c4da4fe549f7,a8066782-e4c6-45db-b1f1-04b0d88e1a55,50035626-1fee-42ac-8f04-a5c5a2281c1a,bd7d53fd-76e2-4330-ab15-0e0a432f7b68,4,0,2026-06-16 14:09:25.535+00,1,3.28285649513529,false
f6037a02-8dd9-4296-b497-e5d0473d3296,f2f5d9e5-364f-497d-9241-ce63dbe7bc8e,42441394-54e4-4dcb-b609-11d0fcea8fb5,bd7d53fd-76e2-4330-ab15-0e0a432f7b68,4,0,2026-06-21 09:47:40.05+00,1,3.28285649513529,true
f641b674-8329-4313-b474-c86ef36cc673,921ed53d-ea76-4040-b641-32d531de8a41,4b2cc16e-1c0b-4d07-9199-e3e636bdb9fb,bd7d53fd-76e2-4330-ab15-0e0a432f7b68,4,0,2026-06-18 13:26:43.206+00,1,3.28285649513529,true
f692db92-c14f-4be5-bbb4-0ef7e62aa3a4,aeea592e-586a-4834-8843-ff47708afa77,a214d69a-07d5-4b74-90a1-1a32072deaca,bd7d53fd-76e2-4330-ab15-0e0a432f7b68,4,0,2026-06-20 09:17:54.766+00,11,2.21775649513529,false
f85dcc98-3170-4fee-a7b6-aa79c02624ea,4a4605ba-55a1-4c7a-8a06-7d52ecc7feb1,a54773c7-374f-407a-a3aa-e526c6137391,bd7d53fd-76e2-4330-ab15-0e0a432f7b68,4,0,2026-06-21 13:03:28.499+00,3,4.34795649513529,false
fa6f8503-ff85-47e6-8517-765e03641795,bc352788-af17-472d-8d39-9813e0662631,558a5373-2af4-42a9-9087-517ace73f3d6,bd7d53fd-76e2-4330-ab15-0e0a432f7b68,4,10696,2026-07-10 15:28:39.224+00,1,3.28285649513529,true
fb54f0d5-fed2-48e1-bd84-f778bd4b92d2,ec7a0836-f788-47c5-b76d-a64c790292c1,f7c69cf4-acd1-42ed-95d6-9d8ee73f5087,bd7d53fd-76e2-4330-ab15-0e0a432f7b68,4,0,2026-06-21 01:03:19.973+00,1,3.28285649513529,true
fde7aa3a-7b95-487d-8c28-9753049ec008,0236b013-b7eb-45ce-b8b7-eeadd09e76d5,3b084c75-9a53-4aff-a56d-d84e28dbacee,bd7d53fd-76e2-4330-ab15-0e0a432f7b68,4,0,2026-06-15 08:21:14.734+00,4,3.8,false
fea01994-30cd-443d-8e1b-0d7524923538,f49029b3-ccd4-471b-80b4-3e58de00d844,cd8eb3e1-acea-4a15-aa3b-a435cd0cf3ad,bd7d53fd-76e2-4330-ab15-0e0a432f7b68,4,0,2026-06-16 14:21:46.399+00,13,2.21775649513529,false
ff70c4b3-1a83-4f4a-9cfd-6484793b23ce,de52baf5-ccff-48c7-97a3-0cb38b4f5fa6,8393a69c-4c0e-4bad-8d0d-4fabbcc93a95,bd7d53fd-76e2-4330-ab15-0e0a432f7b68,4,0,2026-06-18 11:11:41.465+00,13,2.21775649513529,false